r,c,o,a,count
2,31,0,0,1
2,31,0,1,0
2,31,0,2,0
2,31,0,3,0
2,31,0,4,0
2,31,0,5,0
2,31,0,6,0
2,31,0,7,0
2,31,0,8,0
2,31,0,9,0
2,31,0,10,0
2,31,0,11,0
2,31,0,12,0
2,31,0,13,0
2,31,0,14,0
2,31,0,15,0
2,31,0,16,0
2,31,0,17,0
2,31,0,18,0
2,31,0,19,0
2,31,0,20,0
2,31,0,21,0
2,31,0,22,0
2,31,0,23,0
2,31,0,24,0
2,31,0,25,0
2,31,0,26,0
2,31,0,27,0
2,31,0,28,0
2,31,0,29,0
2,31,0,30,0
2,31,0,31,0
2,31,0,32,0
2,31,0,33,0
2,31,0,34,0
2,31,0,35,0
2,31,0,36,0
2,31,0,37,0
2,31,0,38,0
2,31,0,39,0
2,31,0,40,0
2,31,0,41,0
2,31,0,42,0
2,31,0,43,0
2,31,0,44,0
2,31,0,45,0
2,31,0,46,0
2,31,0,47,0
2,31,0,48,0
2,31,0,49,0
2,31,0,50,0
2,31,0,51,0
2,31,0,52,0
2,31,0,53,0
2,31,0,54,0
2,31,0,55,0
2,31,0,56,0
2,31,0,57,0
2,31,0,58,0
2,31,0,59,0
2,31,0,60,0
2,31,0,61,0
2,31,0,62,0
2,31,0,63,0
2,31,0,64,0
2,31,0,65,0
2,31,0,66,0
2,31,0,67,0
2,31,0,68,0
2,31,0,69,0
2,31,0,70,0
2,31,0,71,0
2,31,0,72,0
2,31,0,73,0
2,31,0,74,0
2,31,0,75,0
2,31,0,76,0
2,31,0,77,0
2,31,0,78,0
2,31,0,79,0
2,31,0,80,0
2,31,0,81,0
2,31,0,82,0
2,31,0,83,0
2,31,0,84,0
2,31,0,85,0
2,31,0,86,0
2,31,0,87,0
2,31,0,88,0
2,31,0,89,0
2,31,0,90,0
2,31,0,91,0
2,31,1,0,62
2,31,1,1,0
2,31,1,2,0
2,31,1,3,0
2,31,1,4,0
2,31,1,5,0
2,31,1,6,0
2,31,1,7,0
2,31,1,8,0
2,31,1,9,0
2,31,1,10,0
2,31,1,11,0
2,31,1,12,0
2,31,1,13,0
2,31,1,14,0
2,31,1,15,0
2,31,1,16,0
2,31,1,17,0
2,31,1,18,0
2,31,1,19,0
2,31,1,20,0
2,31,1,21,0
2,31,1,22,0
2,31,1,23,0
2,31,1,24,0
2,31,1,25,0
2,31,1,26,0
2,31,1,27,0
2,31,1,28,0
2,31,1,29,0
2,31,1,30,0
2,31,1,31,0
2,31,1,32,0
2,31,1,33,0
2,31,1,34,0
2,31,1,35,0
2,31,1,36,0
2,31,1,37,0
2,31,1,38,0
2,31,1,39,0
2,31,1,40,0
2,31,1,41,0
2,31,1,42,0
2,31,1,43,0
2,31,1,44,0
2,31,1,45,0
2,31,1,46,0
2,31,1,47,0
2,31,1,48,0
2,31,1,49,0
2,31,1,50,0
2,31,1,51,0
2,31,1,52,0
2,31,1,53,0
2,31,1,54,0
2,31,1,55,0
2,31,1,56,0
2,31,1,57,0
2,31,1,58,0
2,31,1,59,0
2,31,1,60,0
2,31,1,61,0
2,31,1,62,0
2,31,1,63,0
2,31,1,64,0
2,31,1,65,0
2,31,1,66,0
2,31,1,67,0
2,31,1,68,0
2,31,1,69,0
2,31,1,70,0
2,31,1,71,0
2,31,1,72,0
2,31,1,73,0
2,31,1,74,0
2,31,1,75,0
2,31,1,76,0
2,31,1,77,0
2,31,1,78,0
2,31,1,79,0
2,31,1,80,0
2,31,1,81,0
2,31,1,82,0
2,31,1,83,0
2,31,1,84,0
2,31,1,85,0
2,31,1,86,0
2,31,1,87,0
2,31,1,88,0
2,31,1,89,0
2,31,1,90,0
2,31,1,91,0
2,31,2,0,1800
2,31,2,1,91
2,31,2,2,0
2,31,2,3,0
2,31,2,4,0
2,31,2,5,0
2,31,2,6,0
2,31,2,7,0
2,31,2,8,0
2,31,2,9,0
2,31,2,10,0
2,31,2,11,0
2,31,2,12,0
2,31,2,13,0
2,31,2,14,0
2,31,2,15,0
2,31,2,16,0
2,31,2,17,0
2,31,2,18,0
2,31,2,19,0
2,31,2,20,0
2,31,2,21,0
2,31,2,22,0
2,31,2,23,0
2,31,2,24,0
2,31,2,25,0
2,31,2,26,0
2,31,2,27,0
2,31,2,28,0
2,31,2,29,0
2,31,2,30,0
2,31,2,31,0
2,31,2,32,0
2,31,2,33,0
2,31,2,34,0
2,31,2,35,0
2,31,2,36,0
2,31,2,37,0
2,31,2,38,0
2,31,2,39,0
2,31,2,40,0
2,31,2,41,0
2,31,2,42,0
2,31,2,43,0
2,31,2,44,0
2,31,2,45,0
2,31,2,46,0
2,31,2,47,0
2,31,2,48,0
2,31,2,49,0
2,31,2,50,0
2,31,2,51,0
2,31,2,52,0
2,31,2,53,0
2,31,2,54,0
2,31,2,55,0
2,31,2,56,0
2,31,2,57,0
2,31,2,58,0
2,31,2,59,0
2,31,2,60,0
2,31,2,61,0
2,31,2,62,0
2,31,2,63,0
2,31,2,64,0
2,31,2,65,0
2,31,2,66,0
2,31,2,67,0
2,31,2,68,0
2,31,2,69,0
2,31,2,70,0
2,31,2,71,0
2,31,2,72,0
2,31,2,73,0
2,31,2,74,0
2,31,2,75,0
2,31,2,76,0
2,31,2,77,0
2,31,2,78,0
2,31,2,79,0
2,31,2,80,0
2,31,2,81,0
2,31,2,82,0
2,31,2,83,0
2,31,2,84,0
2,31,2,85,0
2,31,2,86,0
2,31,2,87,0
2,31,2,88,0
2,31,2,89,0
2,31,2,90,0
2,31,2,91,0
2,31,3,0,32538
2,31,3,1,5104
2,31,3,2,178
2,31,3,3,0
2,31,3,4,0
2,31,3,5,0
2,31,3,6,0
2,31,3,7,0
2,31,3,8,0
2,31,3,9,0
2,31,3,10,0
2,31,3,11,0
2,31,3,12,0
2,31,3,13,0
2,31,3,14,0
2,31,3,15,0
2,31,3,16,0
2,31,3,17,0
2,31,3,18,0
2,31,3,19,0
2,31,3,20,0
2,31,3,21,0
2,31,3,22,0
2,31,3,23,0
2,31,3,24,0
2,31,3,25,0
2,31,3,26,0
2,31,3,27,0
2,31,3,28,0
2,31,3,29,0
2,31,3,30,0
2,31,3,31,0
2,31,3,32,0
2,31,3,33,0
2,31,3,34,0
2,31,3,35,0
2,31,3,36,0
2,31,3,37,0
2,31,3,38,0
2,31,3,39,0
2,31,3,40,0
2,31,3,41,0
2,31,3,42,0
2,31,3,43,0
2,31,3,44,0
2,31,3,45,0
2,31,3,46,0
2,31,3,47,0
2,31,3,48,0
2,31,3,49,0
2,31,3,50,0
2,31,3,51,0
2,31,3,52,0
2,31,3,53,0
2,31,3,54,0
2,31,3,55,0
2,31,3,56,0
2,31,3,57,0
2,31,3,58,0
2,31,3,59,0
2,31,3,60,0
2,31,3,61,0
2,31,3,62,0
2,31,3,63,0
2,31,3,64,0
2,31,3,65,0
2,31,3,66,0
2,31,3,67,0
2,31,3,68,0
2,31,3,69,0
2,31,3,70,0
2,31,3,71,0
2,31,3,72,0
2,31,3,73,0
2,31,3,74,0
2,31,3,75,0
2,31,3,76,0
2,31,3,77,0
2,31,3,78,0
2,31,3,79,0
2,31,3,80,0
2,31,3,81,0
2,31,3,82,0
2,31,3,83,0
2,31,3,84,0
2,31,3,85,0
2,31,3,86,0
2,31,3,87,0
2,31,3,88,0
2,31,3,89,0
2,31,3,90,0
2,31,3,91,0
2,31,4,0,410816
2,31,4,1,133336
2,31,4,2,13375
2,31,4,3,288
2,31,4,4,30
2,31,4,5,0
2,31,4,6,0
2,31,4,7,0
2,31,4,8,0
2,31,4,9,0
2,31,4,10,0
2,31,4,11,0
2,31,4,12,0
2,31,4,13,0
2,31,4,14,0
2,31,4,15,0
2,31,4,16,0
2,31,4,17,0
2,31,4,18,0
2,31,4,19,0
2,31,4,20,0
2,31,4,21,0
2,31,4,22,0
2,31,4,23,0
2,31,4,24,0
2,31,4,25,0
2,31,4,26,0
2,31,4,27,0
2,31,4,28,0
2,31,4,29,0
2,31,4,30,0
2,31,4,31,0
2,31,4,32,0
2,31,4,33,0
2,31,4,34,0
2,31,4,35,0
2,31,4,36,0
2,31,4,37,0
2,31,4,38,0
2,31,4,39,0
2,31,4,40,0
2,31,4,41,0
2,31,4,42,0
2,31,4,43,0
2,31,4,44,0
2,31,4,45,0
2,31,4,46,0
2,31,4,47,0
2,31,4,48,0
2,31,4,49,0
2,31,4,50,0
2,31,4,51,0
2,31,4,52,0
2,31,4,53,0
2,31,4,54,0
2,31,4,55,0
2,31,4,56,0
2,31,4,57,0
2,31,4,58,0
2,31,4,59,0
2,31,4,60,0
2,31,4,61,0
2,31,4,62,0
2,31,4,63,0
2,31,4,64,0
2,31,4,65,0
2,31,4,66,0
2,31,4,67,0
2,31,4,68,0
2,31,4,69,0
2,31,4,70,0
2,31,4,71,0
2,31,4,72,0
2,31,4,73,0
2,31,4,74,0
2,31,4,75,0
2,31,4,76,0
2,31,4,77,0
2,31,4,78,0
2,31,4,79,0
2,31,4,80,0
2,31,4,81,0
2,31,4,82,0
2,31,4,83,0
2,31,4,84,0
2,31,4,85,0
2,31,4,86,0
2,31,4,87,0
2,31,4,88,0
2,31,4,89,0
2,31,4,90,0
2,31,4,91,0
2,31,5,0,3852630
2,31,5,1,2156400
2,31,5,2,430600
2,31,5,3,29184
2,31,5,4,2072
2,31,5,5,116
2,31,5,6,0
2,31,5,7,0
2,31,5,8,0
2,31,5,9,0
2,31,5,10,0
2,31,5,11,0
2,31,5,12,0
2,31,5,13,0
2,31,5,14,0
2,31,5,15,0
2,31,5,16,0
2,31,5,17,0
2,31,5,18,0
2,31,5,19,0
2,31,5,20,0
2,31,5,21,0
2,31,5,22,0
2,31,5,23,0
2,31,5,24,0
2,31,5,25,0
2,31,5,26,0
2,31,5,27,0
2,31,5,28,0
2,31,5,29,0
2,31,5,30,0
2,31,5,31,0
2,31,5,32,0
2,31,5,33,0
2,31,5,34,0
2,31,5,35,0
2,31,5,36,0
2,31,5,37,0
2,31,5,38,0
2,31,5,39,0
2,31,5,40,0
2,31,5,41,0
2,31,5,42,0
2,31,5,43,0
2,31,5,44,0
2,31,5,45,0
2,31,5,46,0
2,31,5,47,0
2,31,5,48,0
2,31,5,49,0
2,31,5,50,0
2,31,5,51,0
2,31,5,52,0
2,31,5,53,0
2,31,5,54,0
2,31,5,55,0
2,31,5,56,0
2,31,5,57,0
2,31,5,58,0
2,31,5,59,0
2,31,5,60,0
2,31,5,61,0
2,31,5,62,0
2,31,5,63,0
2,31,5,64,0
2,31,5,65,0
2,31,5,66,0
2,31,5,67,0
2,31,5,68,0
2,31,5,69,0
2,31,5,70,0
2,31,5,71,0
2,31,5,72,0
2,31,5,73,0
2,31,5,74,0
2,31,5,75,0
2,31,5,76,0
2,31,5,77,0
2,31,5,78,0
2,31,5,79,0
2,31,5,80,0
2,31,5,81,0
2,31,5,82,0
2,31,5,83,0
2,31,5,84,0
2,31,5,85,0
2,31,5,86,0
2,31,5,87,0
2,31,5,88,0
2,31,5,89,0
2,31,5,90,0
2,31,5,91,0
2,31,6,0,27866072
2,31,6,1,24208964
2,31,6,2,8150744
2,31,6,3,1140406
2,31,6,4,98832
2,31,6,5,9248
2,31,6,6,224
2,31,6,7,29
2,31,6,8,0
2,31,6,9,0
2,31,6,10,0
2,31,6,11,0
2,31,6,12,0
2,31,6,13,0
2,31,6,14,0
2,31,6,15,0
2,31,6,16,0
2,31,6,17,0
2,31,6,18,0
2,31,6,19,0
2,31,6,20,0
2,31,6,21,0
2,31,6,22,0
2,31,6,23,0
2,31,6,24,0
2,31,6,25,0
2,31,6,26,0
2,31,6,27,0
2,31,6,28,0
2,31,6,29,0
2,31,6,30,0
2,31,6,31,0
2,31,6,32,0
2,31,6,33,0
2,31,6,34,0
2,31,6,35,0
2,31,6,36,0
2,31,6,37,0
2,31,6,38,0
2,31,6,39,0
2,31,6,40,0
2,31,6,41,0
2,31,6,42,0
2,31,6,43,0
2,31,6,44,0
2,31,6,45,0
2,31,6,46,0
2,31,6,47,0
2,31,6,48,0
2,31,6,49,0
2,31,6,50,0
2,31,6,51,0
2,31,6,52,0
2,31,6,53,0
2,31,6,54,0
2,31,6,55,0
2,31,6,56,0
2,31,6,57,0
2,31,6,58,0
2,31,6,59,0
2,31,6,60,0
2,31,6,61,0
2,31,6,62,0
2,31,6,63,0
2,31,6,64,0
2,31,6,65,0
2,31,6,66,0
2,31,6,67,0
2,31,6,68,0
2,31,6,69,0
2,31,6,70,0
2,31,6,71,0
2,31,6,72,0
2,31,6,73,0
2,31,6,74,0
2,31,6,75,0
2,31,6,76,0
2,31,6,77,0
2,31,6,78,0
2,31,6,79,0
2,31,6,80,0
2,31,6,81,0
2,31,6,82,0
2,31,6,83,0
2,31,6,84,0
2,31,6,85,0
2,31,6,86,0
2,31,6,87,0
2,31,6,88,0
2,31,6,89,0
2,31,6,90,0
2,31,6,91,0
2,31,7,0,159369650
2,31,7,1,200545760
2,31,7,2,103337204
2,31,7,3,24831340
2,31,7,4,3307822
2,31,7,5,376312
2,31,7,6,26004
2,31,7,7,1948
2,31,7,8,112
2,31,7,9,0
2,31,7,10,0
2,31,7,11,0
2,31,7,12,0
2,31,7,13,0
2,31,7,14,0
2,31,7,15,0
2,31,7,16,0
2,31,7,17,0
2,31,7,18,0
2,31,7,19,0
2,31,7,20,0
2,31,7,21,0
2,31,7,22,0
2,31,7,23,0
2,31,7,24,0
2,31,7,25,0
2,31,7,26,0
2,31,7,27,0
2,31,7,28,0
2,31,7,29,0
2,31,7,30,0
2,31,7,31,0
2,31,7,32,0
2,31,7,33,0
2,31,7,34,0
2,31,7,35,0
2,31,7,36,0
2,31,7,37,0
2,31,7,38,0
2,31,7,39,0
2,31,7,40,0
2,31,7,41,0
2,31,7,42,0
2,31,7,43,0
2,31,7,44,0
2,31,7,45,0
2,31,7,46,0
2,31,7,47,0
2,31,7,48,0
2,31,7,49,0
2,31,7,50,0
2,31,7,51,0
2,31,7,52,0
2,31,7,53,0
2,31,7,54,0
2,31,7,55,0
2,31,7,56,0
2,31,7,57,0
2,31,7,58,0
2,31,7,59,0
2,31,7,60,0
2,31,7,61,0
2,31,7,62,0
2,31,7,63,0
2,31,7,64,0
2,31,7,65,0
2,31,7,66,0
2,31,7,67,0
2,31,7,68,0
2,31,7,69,0
2,31,7,70,0
2,31,7,71,0
2,31,7,72,0
2,31,7,73,0
2,31,7,74,0
2,31,7,75,0
2,31,7,76,0
2,31,7,77,0
2,31,7,78,0
2,31,7,79,0
2,31,7,80,0
2,31,7,81,0
2,31,7,82,0
2,31,7,83,0
2,31,7,84,0
2,31,7,85,0
2,31,7,86,0
2,31,7,87,0
2,31,7,88,0
2,31,7,89,0
2,31,7,90,0
2,31,7,91,0
2,31,8,0,733189632
2,31,8,1,1272326576
2,31,8,2,941132372
2,31,8,3,349945680
2,31,8,4,72553247
2,31,8,5,10655696
2,31,8,6,1185696
2,31,8,7,100184
2,31,8,8,9218
2,31,8,9,216
2,31,8,10,28
2,31,8,11,0
2,31,8,12,0
2,31,8,13,0
2,31,8,14,0
2,31,8,15,0
2,31,8,16,0
2,31,8,17,0
2,31,8,18,0
2,31,8,19,0
2,31,8,20,0
2,31,8,21,0
2,31,8,22,0
2,31,8,23,0
2,31,8,24,0
2,31,8,25,0
2,31,8,26,0
2,31,8,27,0
2,31,8,28,0
2,31,8,29,0
2,31,8,30,0
2,31,8,31,0
2,31,8,32,0
2,31,8,33,0
2,31,8,34,0
2,31,8,35,0
2,31,8,36,0
2,31,8,37,0
2,31,8,38,0
2,31,8,39,0
2,31,8,40,0
2,31,8,41,0
2,31,8,42,0
2,31,8,43,0
2,31,8,44,0
2,31,8,45,0
2,31,8,46,0
2,31,8,47,0
2,31,8,48,0
2,31,8,49,0
2,31,8,50,0
2,31,8,51,0
2,31,8,52,0
2,31,8,53,0
2,31,8,54,0
2,31,8,55,0
2,31,8,56,0
2,31,8,57,0
2,31,8,58,0
2,31,8,59,0
2,31,8,60,0
2,31,8,61,0
2,31,8,62,0
2,31,8,63,0
2,31,8,64,0
2,31,8,65,0
2,31,8,66,0
2,31,8,67,0
2,31,8,68,0
2,31,8,69,0
2,31,8,70,0
2,31,8,71,0
2,31,8,72,0
2,31,8,73,0
2,31,8,74,0
2,31,8,75,0
2,31,8,76,0
2,31,8,77,0
2,31,8,78,0
2,31,8,79,0
2,31,8,80,0
2,31,8,81,0
2,31,8,82,0
2,31,8,83,0
2,31,8,84,0
2,31,8,85,0
2,31,8,86,0
2,31,8,87,0
2,31,8,88,0
2,31,8,89,0
2,31,8,90,0
2,31,8,91,0
2,31,9,0,2746713774
2,31,9,1,6334773344
2,31,9,2,6425406320
2,31,9,3,3455797712
2,31,9,4,1069616970
2,31,9,5,217031376
2,31,9,6,32998626
2,31,9,7,3822772
2,31,9,8,400798
2,31,9,9,27592
2,31,9,10,1878
2,31,9,11,108
2,31,9,12,0
2,31,9,13,0
2,31,9,14,0
2,31,9,15,0
2,31,9,16,0
2,31,9,17,0
2,31,9,18,0
2,31,9,19,0
2,31,9,20,0
2,31,9,21,0
2,31,9,22,0
2,31,9,23,0
2,31,9,24,0
2,31,9,25,0
2,31,9,26,0
2,31,9,27,0
2,31,9,28,0
2,31,9,29,0
2,31,9,30,0
2,31,9,31,0
2,31,9,32,0
2,31,9,33,0
2,31,9,34,0
2,31,9,35,0
2,31,9,36,0
2,31,9,37,0
2,31,9,38,0
2,31,9,39,0
2,31,9,40,0
2,31,9,41,0
2,31,9,42,0
2,31,9,43,0
2,31,9,44,0
2,31,9,45,0
2,31,9,46,0
2,31,9,47,0
2,31,9,48,0
2,31,9,49,0
2,31,9,50,0
2,31,9,51,0
2,31,9,52,0
2,31,9,53,0
2,31,9,54,0
2,31,9,55,0
2,31,9,56,0
2,31,9,57,0
2,31,9,58,0
2,31,9,59,0
2,31,9,60,0
2,31,9,61,0
2,31,9,62,0
2,31,9,63,0
2,31,9,64,0
2,31,9,65,0
2,31,9,66,0
2,31,9,67,0
2,31,9,68,0
2,31,9,69,0
2,31,9,70,0
2,31,9,71,0
2,31,9,72,0
2,31,9,73,0
2,31,9,74,0
2,31,9,75,0
2,31,9,76,0
2,31,9,77,0
2,31,9,78,0
2,31,9,79,0
2,31,9,80,0
2,31,9,81,0
2,31,9,82,0
2,31,9,83,0
2,31,9,84,0
2,31,9,85,0
2,31,9,86,0
2,31,9,87,0
2,31,9,88,0
2,31,9,89,0
2,31,9,90,0
2,31,9,91,0
2,31,10,0,8453107432
2,31,10,1,25169444300
2,31,10,2,33816202160
2,31,10,3,25086558176
2,31,10,4,11082290768
2,31,10,5,3154508042
2,31,10,6,642309040
2,31,10,7,100273800
2,31,10,8,12785544
2,31,10,9,1339102
2,31,10,10,105944
2,31,10,11,9188
2,31,10,12,208
2,31,10,13,27
2,31,10,14,0
2,31,10,15,0
2,31,10,16,0
2,31,10,17,0
2,31,10,18,0
2,31,10,19,0
2,31,10,20,0
2,31,10,21,0
2,31,10,22,0
2,31,10,23,0
2,31,10,24,0
2,31,10,25,0
2,31,10,26,0
2,31,10,27,0
2,31,10,28,0
2,31,10,29,0
2,31,10,30,0
2,31,10,31,0
2,31,10,32,0
2,31,10,33,0
2,31,10,34,0
2,31,10,35,0
2,31,10,36,0
2,31,10,37,0
2,31,10,38,0
2,31,10,39,0
2,31,10,40,0
2,31,10,41,0
2,31,10,42,0
2,31,10,43,0
2,31,10,44,0
2,31,10,45,0
2,31,10,46,0
2,31,10,47,0
2,31,10,48,0
2,31,10,49,0
2,31,10,50,0
2,31,10,51,0
2,31,10,52,0
2,31,10,53,0
2,31,10,54,0
2,31,10,55,0
2,31,10,56,0
2,31,10,57,0
2,31,10,58,0
2,31,10,59,0
2,31,10,60,0
2,31,10,61,0
2,31,10,62,0
2,31,10,63,0
2,31,10,64,0
2,31,10,65,0
2,31,10,66,0
2,31,10,67,0
2,31,10,68,0
2,31,10,69,0
2,31,10,70,0
2,31,10,71,0
2,31,10,72,0
2,31,10,73,0
2,31,10,74,0
2,31,10,75,0
2,31,10,76,0
2,31,10,77,0
2,31,10,78,0
2,31,10,79,0
2,31,10,80,0
2,31,10,81,0
2,31,10,82,0
2,31,10,83,0
2,31,10,84,0
2,31,10,85,0
2,31,10,86,0
2,31,10,87,0
2,31,10,88,0
2,31,10,89,0
2,31,10,90,0
2,31,10,91,0
2,31,11,0,21507034122
2,31,11,1,80746640016
2,31,11,2,139827824156
2,31,11,3,138093005268
2,31,11,4,83796206472
2,31,11,5,33021768384
2,31,11,6,9062044164
2,31,11,7,1866848264
2,31,11,8,304135202
2,31,11,9,40933248
2,31,11,10,4428074
2,31,11,11,424980
2,31,11,12,28830
2,31,11,13,1808
2,31,11,14,104
2,31,11,15,0
2,31,11,16,0
2,31,11,17,0
2,31,11,18,0
2,31,11,19,0
2,31,11,20,0
2,31,11,21,0
2,31,11,22,0
2,31,11,23,0
2,31,11,24,0
2,31,11,25,0
2,31,11,26,0
2,31,11,27,0
2,31,11,28,0
2,31,11,29,0
2,31,11,30,0
2,31,11,31,0
2,31,11,32,0
2,31,11,33,0
2,31,11,34,0
2,31,11,35,0
2,31,11,36,0
2,31,11,37,0
2,31,11,38,0
2,31,11,39,0
2,31,11,40,0
2,31,11,41,0
2,31,11,42,0
2,31,11,43,0
2,31,11,44,0
2,31,11,45,0
2,31,11,46,0
2,31,11,47,0
2,31,11,48,0
2,31,11,49,0
2,31,11,50,0
2,31,11,51,0
2,31,11,52,0
2,31,11,53,0
2,31,11,54,0
2,31,11,55,0
2,31,11,56,0
2,31,11,57,0
2,31,11,58,0
2,31,11,59,0
2,31,11,60,0
2,31,11,61,0
2,31,11,62,0
2,31,11,63,0
2,31,11,64,0
2,31,11,65,0
2,31,11,66,0
2,31,11,67,0
2,31,11,68,0
2,31,11,69,0
2,31,11,70,0
2,31,11,71,0
2,31,11,72,0
2,31,11,73,0
2,31,11,74,0
2,31,11,75,0
2,31,11,76,0
2,31,11,77,0
2,31,11,78,0
2,31,11,79,0
2,31,11,80,0
2,31,11,81,0
2,31,11,82,0
2,31,11,83,0
2,31,11,84,0
2,31,11,85,0
2,31,11,86,0
2,31,11,87,0
2,31,11,88,0
2,31,11,89,0
2,31,11,90,0
2,31,11,91,0
2,31,12,0,45443741760
2,31,12,1,210910296392
2,31,12,2,460346171036
2,31,12,3,588678445920
2,31,12,4,475539808748
2,31,12,5,253742124024
2,31,12,6,93699578790
2,31,12,7,25404302512
2,31,12,8,5338553484
2,31,12,9,906498088
2,31,12,10,127167336
2,31,12,11,14846928
2,31,12,12,1468572
2,31,12,13,110216
2,31,12,14,9109
2,31,12,15,200
2,31,12,16,26
2,31,12,17,0
2,31,12,18,0
2,31,12,19,0
2,31,12,20,0
2,31,12,21,0
2,31,12,22,0
2,31,12,23,0
2,31,12,24,0
2,31,12,25,0
2,31,12,26,0
2,31,12,27,0
2,31,12,28,0
2,31,12,29,0
2,31,12,30,0
2,31,12,31,0
2,31,12,32,0
2,31,12,33,0
2,31,12,34,0
2,31,12,35,0
2,31,12,36,0
2,31,12,37,0
2,31,12,38,0
2,31,12,39,0
2,31,12,40,0
2,31,12,41,0
2,31,12,42,0
2,31,12,43,0
2,31,12,44,0
2,31,12,45,0
2,31,12,46,0
2,31,12,47,0
2,31,12,48,0
2,31,12,49,0
2,31,12,50,0
2,31,12,51,0
2,31,12,52,0
2,31,12,53,0
2,31,12,54,0
2,31,12,55,0
2,31,12,56,0
2,31,12,57,0
2,31,12,58,0
2,31,12,59,0
2,31,12,60,0
2,31,12,61,0
2,31,12,62,0
2,31,12,63,0
2,31,12,64,0
2,31,12,65,0
2,31,12,66,0
2,31,12,67,0
2,31,12,68,0
2,31,12,69,0
2,31,12,70,0
2,31,12,71,0
2,31,12,72,0
2,31,12,73,0
2,31,12,74,0
2,31,12,75,0
2,31,12,76,0
2,31,12,77,0
2,31,12,78,0
2,31,12,79,0
2,31,12,80,0
2,31,12,81,0
2,31,12,82,0
2,31,12,83,0
2,31,12,84,0
2,31,12,85,0
2,31,12,86,0
2,31,12,87,0
2,31,12,88,0
2,31,12,89,0
2,31,12,90,0
2,31,12,91,0
2,31,13,0,79995909190
2,31,13,1,451177646480
2,31,13,2,1218068105240
2,31,13,3,1971954397880
2,31,13,4,2066807755798
2,31,13,5,1459247982736
2,31,13,6,717401972798
2,31,13,7,256021104124
2,31,13,8,69541186786
2,31,13,9,14978552440
2,31,13,10,2644994492
2,31,13,11,388096784
2,31,13,12,48129566
2,31,13,13,4934384
2,31,13,14,442622
2,31,13,15,29692
2,31,13,16,1738
2,31,13,17,100
2,31,13,18,0
2,31,13,19,0
2,31,13,20,0
2,31,13,21,0
2,31,13,22,0
2,31,13,23,0
2,31,13,24,0
2,31,13,25,0
2,31,13,26,0
2,31,13,27,0
2,31,13,28,0
2,31,13,29,0
2,31,13,30,0
2,31,13,31,0
2,31,13,32,0
2,31,13,33,0
2,31,13,34,0
2,31,13,35,0
2,31,13,36,0
2,31,13,37,0
2,31,13,38,0
2,31,13,39,0
2,31,13,40,0
2,31,13,41,0
2,31,13,42,0
2,31,13,43,0
2,31,13,44,0
2,31,13,45,0
2,31,13,46,0
2,31,13,47,0
2,31,13,48,0
2,31,13,49,0
2,31,13,50,0
2,31,13,51,0
2,31,13,52,0
2,31,13,53,0
2,31,13,54,0
2,31,13,55,0
2,31,13,56,0
2,31,13,57,0
2,31,13,58,0
2,31,13,59,0
2,31,13,60,0
2,31,13,61,0
2,31,13,62,0
2,31,13,63,0
2,31,13,64,0
2,31,13,65,0
2,31,13,66,0
2,31,13,67,0
2,31,13,68,0
2,31,13,69,0
2,31,13,70,0
2,31,13,71,0
2,31,13,72,0
2,31,13,73,0
2,31,13,74,0
2,31,13,75,0
2,31,13,76,0
2,31,13,77,0
2,31,13,78,0
2,31,13,79,0
2,31,13,80,0
2,31,13,81,0
2,31,13,82,0
2,31,13,83,0
2,31,13,84,0
2,31,13,85,0
2,31,13,86,0
2,31,13,87,0
2,31,13,88,0
2,31,13,89,0
2,31,13,90,0
2,31,13,91,0
2,31,14,0,117561917880
2,31,14,1,793679579220
2,31,14,2,2607453771080
2,31,14,3,5243977036560
2,31,14,4,6979757867320
2,31,14,5,6383514524648
2,31,14,6,4115665100808
2,31,14,7,1924728150628
2,31,14,8,676818477904
2,31,14,9,185778966084
2,31,14,10,41171355464
2,31,14,11,7547988214
2,31,14,12,1160106648
2,31,14,13,151240304
2,31,14,14,16576696
2,31,14,15,1568268
2,31,14,16,113048
2,31,14,17,8984
2,31,14,18,192
2,31,14,19,25
2,31,14,20,0
2,31,14,21,0
2,31,14,22,0
2,31,14,23,0
2,31,14,24,0
2,31,14,25,0
2,31,14,26,0
2,31,14,27,0
2,31,14,28,0
2,31,14,29,0
2,31,14,30,0
2,31,14,31,0
2,31,14,32,0
2,31,14,33,0
2,31,14,34,0
2,31,14,35,0
2,31,14,36,0
2,31,14,37,0
2,31,14,38,0
2,31,14,39,0
2,31,14,40,0
2,31,14,41,0
2,31,14,42,0
2,31,14,43,0
2,31,14,44,0
2,31,14,45,0
2,31,14,46,0
2,31,14,47,0
2,31,14,48,0
2,31,14,49,0
2,31,14,50,0
2,31,14,51,0
2,31,14,52,0
2,31,14,53,0
2,31,14,54,0
2,31,14,55,0
2,31,14,56,0
2,31,14,57,0
2,31,14,58,0
2,31,14,59,0
2,31,14,60,0
2,31,14,61,0
2,31,14,62,0
2,31,14,63,0
2,31,14,64,0
2,31,14,65,0
2,31,14,66,0
2,31,14,67,0
2,31,14,68,0
2,31,14,69,0
2,31,14,70,0
2,31,14,71,0
2,31,14,72,0
2,31,14,73,0
2,31,14,74,0
2,31,14,75,0
2,31,14,76,0
2,31,14,77,0
2,31,14,78,0
2,31,14,79,0
2,31,14,80,0
2,31,14,81,0
2,31,14,82,0
2,31,14,83,0
2,31,14,84,0
2,31,14,85,0
2,31,14,86,0
2,31,14,87,0
2,31,14,88,0
2,31,14,89,0
2,31,14,90,0
2,31,14,91,0
2,31,15,0,144411206178
2,31,15,1,1151241457920
2,31,15,2,4536191547780
2,31,15,3,11149527805500
2,31,15,4,18503551188100
2,31,15,5,21509154448960
2,31,15,6,17893946699900
2,31,15,7,10868277484560
2,31,15,8,4942282047792
2,31,15,9,1734239399256
2,31,15,10,484319552542
2,31,15,11,110631492136
2,31,15,12,21061082576
2,31,15,13,3390986176
2,31,15,14,463521016
2,31,15,15,54179224
2,31,15,16,5334234
2,31,15,17,454104
2,31,15,18,30202
2,31,15,19,1668
2,31,15,20,96
2,31,15,21,0
2,31,15,22,0
2,31,15,23,0
2,31,15,24,0
2,31,15,25,0
2,31,15,26,0
2,31,15,27,0
2,31,15,28,0
2,31,15,29,0
2,31,15,30,0
2,31,15,31,0
2,31,15,32,0
2,31,15,33,0
2,31,15,34,0
2,31,15,35,0
2,31,15,36,0
2,31,15,37,0
2,31,15,38,0
2,31,15,39,0
2,31,15,40,0
2,31,15,41,0
2,31,15,42,0
2,31,15,43,0
2,31,15,44,0
2,31,15,45,0
2,31,15,46,0
2,31,15,47,0
2,31,15,48,0
2,31,15,49,0
2,31,15,50,0
2,31,15,51,0
2,31,15,52,0
2,31,15,53,0
2,31,15,54,0
2,31,15,55,0
2,31,15,56,0
2,31,15,57,0
2,31,15,58,0
2,31,15,59,0
2,31,15,60,0
2,31,15,61,0
2,31,15,62,0
2,31,15,63,0
2,31,15,64,0
2,31,15,65,0
2,31,15,66,0
2,31,15,67,0
2,31,15,68,0
2,31,15,69,0
2,31,15,70,0
2,31,15,71,0
2,31,15,72,0
2,31,15,73,0
2,31,15,74,0
2,31,15,75,0
2,31,15,76,0
2,31,15,77,0
2,31,15,78,0
2,31,15,79,0
2,31,15,80,0
2,31,15,81,0
2,31,15,82,0
2,31,15,83,0
2,31,15,84,0
2,31,15,85,0
2,31,15,86,0
2,31,15,87,0
2,31,15,88,0
2,31,15,89,0
2,31,15,90,0
2,31,15,91,0
2,31,16,0,148348809216
2,31,16,1,1379166105120
2,31,16,2,6432700726500
2,31,16,3,19045289802288
2,31,16,4,38783514511668
2,31,16,5,56341124163264
2,31,16,6,59528250815160
2,31,16,7,46417294400600
2,31,16,8,27166733758079
2,31,16,9,12198652570952
2,31,16,10,4311493223456
2,31,16,11,1230943657352
2,31,16,12,290225996692
2,31,16,13,57465596744
2,31,16,14,9668979224
2,31,16,15,1388473848
2,31,16,16,171584014
2,31,16,17,17952424
2,31,16,18,1639604
2,31,16,19,114536
2,31,16,20,8816
2,31,16,21,184
2,31,16,22,24
2,31,16,23,0
2,31,16,24,0
2,31,16,25,0
2,31,16,26,0
2,31,16,27,0
2,31,16,28,0
2,31,16,29,0
2,31,16,30,0
2,31,16,31,0
2,31,16,32,0
2,31,16,33,0
2,31,16,34,0
2,31,16,35,0
2,31,16,36,0
2,31,16,37,0
2,31,16,38,0
2,31,16,39,0
2,31,16,40,0
2,31,16,41,0
2,31,16,42,0
2,31,16,43,0
2,31,16,44,0
2,31,16,45,0
2,31,16,46,0
2,31,16,47,0
2,31,16,48,0
2,31,16,49,0
2,31,16,50,0
2,31,16,51,0
2,31,16,52,0
2,31,16,53,0
2,31,16,54,0
2,31,16,55,0
2,31,16,56,0
2,31,16,57,0
2,31,16,58,0
2,31,16,59,0
2,31,16,60,0
2,31,16,61,0
2,31,16,62,0
2,31,16,63,0
2,31,16,64,0
2,31,16,65,0
2,31,16,66,0
2,31,16,67,0
2,31,16,68,0
2,31,16,69,0
2,31,16,70,0
2,31,16,71,0
2,31,16,72,0
2,31,16,73,0
2,31,16,74,0
2,31,16,75,0
2,31,16,76,0
2,31,16,77,0
2,31,16,78,0
2,31,16,79,0
2,31,16,80,0
2,31,16,81,0
2,31,16,82,0
2,31,16,83,0
2,31,16,84,0
2,31,16,85,0
2,31,16,86,0
2,31,16,87,0
2,31,16,88,0
2,31,16,89,0
2,31,16,90,0
2,31,16,91,0
2,31,17,0,127421652510
2,31,17,1,1365554569728
2,31,17,2,7448841784320
2,31,17,3,26219062478880
2,31,17,4,64582802588130
2,31,17,5,115479527230752
2,31,17,6,152655677100882
2,31,17,7,150899444136204
2,31,17,8,112787809951422
2,31,17,9,64681828537128
2,31,17,10,29009536283360
2,31,17,11,10400830120648
2,31,17,12,3046633152702
2,31,17,13,742929026240
2,31,17,14,153066956396
2,31,17,15,26898964416
2,31,17,16,4062354718
2,31,17,17,527581816
2,31,17,18,58992756
2,31,17,19,5629136
2,31,17,20,459852
2,31,17,21,30384
2,31,17,22,1598
2,31,17,23,92
2,31,17,24,0
2,31,17,25,0
2,31,17,26,0
2,31,17,27,0
2,31,17,28,0
2,31,17,29,0
2,31,17,30,0
2,31,17,31,0
2,31,17,32,0
2,31,17,33,0
2,31,17,34,0
2,31,17,35,0
2,31,17,36,0
2,31,17,37,0
2,31,17,38,0
2,31,17,39,0
2,31,17,40,0
2,31,17,41,0
2,31,17,42,0
2,31,17,43,0
2,31,17,44,0
2,31,17,45,0
2,31,17,46,0
2,31,17,47,0
2,31,17,48,0
2,31,17,49,0
2,31,17,50,0
2,31,17,51,0
2,31,17,52,0
2,31,17,53,0
2,31,17,54,0
2,31,17,55,0
2,31,17,56,0
2,31,17,57,0
2,31,17,58,0
2,31,17,59,0
2,31,17,60,0
2,31,17,61,0
2,31,17,62,0
2,31,17,63,0
2,31,17,64,0
2,31,17,65,0
2,31,17,66,0
2,31,17,67,0
2,31,17,68,0
2,31,17,69,0
2,31,17,70,0
2,31,17,71,0
2,31,17,72,0
2,31,17,73,0
2,31,17,74,0
2,31,17,75,0
2,31,17,76,0
2,31,17,77,0
2,31,17,78,0
2,31,17,79,0
2,31,17,80,0
2,31,17,81,0
2,31,17,82,0
2,31,17,83,0
2,31,17,84,0
2,31,17,85,0
2,31,17,86,0
2,31,17,87,0
2,31,17,88,0
2,31,17,89,0
2,31,17,90,0
2,31,17,91,0
2,31,18,0,91437047240
2,31,18,1,1117388293980
2,31,18,2,7048541721120
2,31,18,3,29142431139840
2,31,18,4,85703720783520
2,31,18,5,186027637842432
2,31,18,6,303392108367072
2,31,18,7,375340749151824
2,31,18,8,354830541199488
2,31,18,9,258630722662794
2,31,18,10,147212865008792
2,31,18,11,66535507867040
2,31,18,12,24333387946688
2,31,18,13,7336640213680
2,31,18,14,1853666373416
2,31,18,15,397546342528
2,31,18,16,73042719168
2,31,18,17,11573511362
2,31,18,18,1582207224
2,31,18,19,187785224
2,31,18,20,18968000
2,31,18,21,1684160
2,31,18,22,114776
2,31,18,23,8608
2,31,18,24,176
2,31,18,25,23
2,31,18,26,0
2,31,18,27,0
2,31,18,28,0
2,31,18,29,0
2,31,18,30,0
2,31,18,31,0
2,31,18,32,0
2,31,18,33,0
2,31,18,34,0
2,31,18,35,0
2,31,18,36,0
2,31,18,37,0
2,31,18,38,0
2,31,18,39,0
2,31,18,40,0
2,31,18,41,0
2,31,18,42,0
2,31,18,43,0
2,31,18,44,0
2,31,18,45,0
2,31,18,46,0
2,31,18,47,0
2,31,18,48,0
2,31,18,49,0
2,31,18,50,0
2,31,18,51,0
2,31,18,52,0
2,31,18,53,0
2,31,18,54,0
2,31,18,55,0
2,31,18,56,0
2,31,18,57,0
2,31,18,58,0
2,31,18,59,0
2,31,18,60,0
2,31,18,61,0
2,31,18,62,0
2,31,18,63,0
2,31,18,64,0
2,31,18,65,0
2,31,18,66,0
2,31,18,67,0
2,31,18,68,0
2,31,18,69,0
2,31,18,70,0
2,31,18,71,0
2,31,18,72,0
2,31,18,73,0
2,31,18,74,0
2,31,18,75,0
2,31,18,76,0
2,31,18,77,0
2,31,18,78,0
2,31,18,79,0
2,31,18,80,0
2,31,18,81,0
2,31,18,82,0
2,31,18,83,0
2,31,18,84,0
2,31,18,85,0
2,31,18,86,0
2,31,18,87,0
2,31,18,88,0
2,31,18,89,0
2,31,18,90,0
2,31,18,91,0
2,31,19,0,54734043130
2,31,19,1,754937167920
2,31,19,2,5449289802540
2,31,19,3,26169970537380
2,31,19,4,90786679349760
2,31,19,5,236171645213184
2,31,19,6,468980026705584
2,31,19,7,717020241056160
2,31,19,8,848209829798112
2,31,19,9,780195283895392
2,31,19,10,562158972421682
2,31,19,11,320859900267272
2,31,19,12,147192262782818
2,31,19,13,55168906172552
2,31,19,14,17171100766040
2,31,19,15,4502369514868
2,31,19,16,1006148613998
2,31,19,17,193323747416
2,31,19,18,32110614824
2,31,19,19,4628304156
2,31,19,20,578501778
2,31,19,21,62527528
2,31,19,22,5822036
2,31,19,23,460292
2,31,19,24,30262
2,31,19,25,1528
2,31,19,26,88
2,31,19,27,0
2,31,19,28,0
2,31,19,29,0
2,31,19,30,0
2,31,19,31,0
2,31,19,32,0
2,31,19,33,0
2,31,19,34,0
2,31,19,35,0
2,31,19,36,0
2,31,19,37,0
2,31,19,38,0
2,31,19,39,0
2,31,19,40,0
2,31,19,41,0
2,31,19,42,0
2,31,19,43,0
2,31,19,44,0
2,31,19,45,0
2,31,19,46,0
2,31,19,47,0
2,31,19,48,0
2,31,19,49,0
2,31,19,50,0
2,31,19,51,0
2,31,19,52,0
2,31,19,53,0
2,31,19,54,0
2,31,19,55,0
2,31,19,56,0
2,31,19,57,0
2,31,19,58,0
2,31,19,59,0
2,31,19,60,0
2,31,19,61,0
2,31,19,62,0
2,31,19,63,0
2,31,19,64,0
2,31,19,65,0
2,31,19,66,0
2,31,19,67,0
2,31,19,68,0
2,31,19,69,0
2,31,19,70,0
2,31,19,71,0
2,31,19,72,0
2,31,19,73,0
2,31,19,74,0
2,31,19,75,0
2,31,19,76,0
2,31,19,77,0
2,31,19,78,0
2,31,19,79,0
2,31,19,80,0
2,31,19,81,0
2,31,19,82,0
2,31,19,83,0
2,31,19,84,0
2,31,19,85,0
2,31,19,86,0
2,31,19,87,0
2,31,19,88,0
2,31,19,89,0
2,31,19,90,0
2,31,19,91,0
2,31,20,0,27266245056
2,31,20,1,420389480120
2,31,20,2,3438034999980
2,31,20,3,18979341082560
2,31,20,4,76804607421180
2,31,20,5,236613736197480
2,31,20,6,565031660820480
2,31,20,7,1054525584840480
2,31,20,8,1543633714004256
2,31,20,9,1776203294406048
2,31,20,10,1611972848779926
2,31,20,11,1161009586234208
2,31,20,12,670105346226228
2,31,20,13,313911629231088
2,31,20,14,121080495370548
2,31,20,15,39008766553272
2,31,20,16,10633372907900
2,31,20,17,2478709767320
2,31,20,18,498162690402
2,31,20,19,86801228536
2,31,20,20,13163159912
2,31,20,21,1734749304
2,31,20,22,199606744
2,31,20,23,19625272
2,31,20,24,1703628
2,31,20,25,113864
2,31,20,26,8363
2,31,20,27,168
2,31,20,28,22
2,31,20,29,0
2,31,20,30,0
2,31,20,31,0
2,31,20,32,0
2,31,20,33,0
2,31,20,34,0
2,31,20,35,0
2,31,20,36,0
2,31,20,37,0
2,31,20,38,0
2,31,20,39,0
2,31,20,40,0
2,31,20,41,0
2,31,20,42,0
2,31,20,43,0
2,31,20,44,0
2,31,20,45,0
2,31,20,46,0
2,31,20,47,0
2,31,20,48,0
2,31,20,49,0
2,31,20,50,0
2,31,20,51,0
2,31,20,52,0
2,31,20,53,0
2,31,20,54,0
2,31,20,55,0
2,31,20,56,0
2,31,20,57,0
2,31,20,58,0
2,31,20,59,0
2,31,20,60,0
2,31,20,61,0
2,31,20,62,0
2,31,20,63,0
2,31,20,64,0
2,31,20,65,0
2,31,20,66,0
2,31,20,67,0
2,31,20,68,0
2,31,20,69,0
2,31,20,70,0
2,31,20,71,0
2,31,20,72,0
2,31,20,73,0
2,31,20,74,0
2,31,20,75,0
2,31,20,76,0
2,31,20,77,0
2,31,20,78,0
2,31,20,79,0
2,31,20,80,0
2,31,20,81,0
2,31,20,82,0
2,31,20,83,0
2,31,20,84,0
2,31,20,85,0
2,31,20,86,0
2,31,20,87,0
2,31,20,88,0
2,31,20,89,0
2,31,20,90,0
2,31,20,91,0
2,31,21,0,11265589302
2,31,21,1,192392454320
2,31,21,2,1766192853800
2,31,21,3,11099614338312
2,31,21,4,51855182612142
2,31,21,5,187094000668080
2,31,21,6,531016070036678
2,31,21,7,1195426657120588
2,31,21,8,2140827272623104
2,31,21,9,3051589068673248
2,31,21,10,3463860478400816
2,31,21,11,3137927414480816
2,31,21,12,2280355774671396
2,31,21,13,1340588827217192
2,31,21,14,644721151463652
2,31,21,15,256888421148392
2,31,21,16,85895735554232
2,31,21,17,24385693193472
2,31,21,18,5936398609594
2,31,21,19,1248849430332
2,31,21,20,228325099968
2,31,21,21,36395655144
2,31,21,22,5066656914
2,31,21,23,615176180
2,31,21,24,64776612
2,31,21,25,5917152
2,31,21,26,455850
2,31,21,27,29860
2,31,21,28,1458
2,31,21,29,84
2,31,21,30,0
2,31,21,31,0
2,31,21,32,0
2,31,21,33,0
2,31,21,34,0
2,31,21,35,0
2,31,21,36,0
2,31,21,37,0
2,31,21,38,0
2,31,21,39,0
2,31,21,40,0
2,31,21,41,0
2,31,21,42,0
2,31,21,43,0
2,31,21,44,0
2,31,21,45,0
2,31,21,46,0
2,31,21,47,0
2,31,21,48,0
2,31,21,49,0
2,31,21,50,0
2,31,21,51,0
2,31,21,52,0
2,31,21,53,0
2,31,21,54,0
2,31,21,55,0
2,31,21,56,0
2,31,21,57,0
2,31,21,58,0
2,31,21,59,0
2,31,21,60,0
2,31,21,61,0
2,31,21,62,0
2,31,21,63,0
2,31,21,64,0
2,31,21,65,0
2,31,21,66,0
2,31,21,67,0
2,31,21,68,0
2,31,21,69,0
2,31,21,70,0
2,31,21,71,0
2,31,21,72,0
2,31,21,73,0
2,31,21,74,0
2,31,21,75,0
2,31,21,76,0
2,31,21,77,0
2,31,21,78,0
2,31,21,79,0
2,31,21,80,0
2,31,21,81,0
2,31,21,82,0
2,31,21,83,0
2,31,21,84,0
2,31,21,85,0
2,31,21,86,0
2,31,21,87,0
2,31,21,88,0
2,31,21,89,0
2,31,21,90,0
2,31,21,91,0
2,31,22,0,3842321560
2,31,22,1,72060107876
2,31,22,2,736154024120
2,31,22,3,5219908732080
2,31,22,4,27885358502280
2,31,22,5,116622821997048
2,31,22,6,389107396738968
2,31,22,7,1044597175338904
2,31,22,8,2262816910427848
2,31,22,9,3954138417528656
2,31,22,10,5566259152031648
2,31,22,11,6307556353445708
2,31,22,12,5760938238014192
2,31,22,13,4258587640763248
2,31,22,14,2566412231643760
2,31,22,15,1273306238107538
2,31,22,16,526005115421768
2,31,22,17,183026366519108
2,31,22,18,54221032078328
2,31,22,19,13803314810528
2,31,22,20,3042296661440
2,31,22,21,583774424756
2,31,22,22,97869046664
2,31,22,23,14366625890
2,31,22,24,1841933632
2,31,22,25,206965396
2,31,22,26,19933288
2,31,22,27,1699802
2,31,22,28,111896
2,31,22,29,8084
2,31,22,30,160
2,31,22,31,21
2,31,22,32,0
2,31,22,33,0
2,31,22,34,0
2,31,22,35,0
2,31,22,36,0
2,31,22,37,0
2,31,22,38,0
2,31,22,39,0
2,31,22,40,0
2,31,22,41,0
2,31,22,42,0
2,31,22,43,0
2,31,22,44,0
2,31,22,45,0
2,31,22,46,0
2,31,22,47,0
2,31,22,48,0
2,31,22,49,0
2,31,22,50,0
2,31,22,51,0
2,31,22,52,0
2,31,22,53,0
2,31,22,54,0
2,31,22,55,0
2,31,22,56,0
2,31,22,57,0
2,31,22,58,0
2,31,22,59,0
2,31,22,60,0
2,31,22,61,0
2,31,22,62,0
2,31,22,63,0
2,31,22,64,0
2,31,22,65,0
2,31,22,66,0
2,31,22,67,0
2,31,22,68,0
2,31,22,69,0
2,31,22,70,0
2,31,22,71,0
2,31,22,72,0
2,31,22,73,0
2,31,22,74,0
2,31,22,75,0
2,31,22,76,0
2,31,22,77,0
2,31,22,78,0
2,31,22,79,0
2,31,22,80,0
2,31,22,81,0
2,31,22,82,0
2,31,22,83,0
2,31,22,84,0
2,31,22,85,0
2,31,22,86,0
2,31,22,87,0
2,31,22,88,0
2,31,22,89,0
2,31,22,90,0
2,31,22,91,0
2,31,23,0,1074801042
2,31,23,1,21957170976
2,31,23,2,247621285652
2,31,23,3,1965172808460
2,31,23,4,11901281525500
2,31,23,5,57156321057664
2,31,23,6,221909020532676
2,31,23,7,702791691536912
2,31,23,8,1821181449177082
2,31,23,9,3859584516617880
2,31,23,10,6673838153721850
2,31,23,11,9390624294012244
2,31,23,12,10734073820339844
2,31,23,13,9971786593056592
2,31,23,14,7553171094553664
2,31,23,15,4693676444833176
2,31,23,16,2413574489412966
2,31,23,17,1037430532087952
2,31,23,18,376678669623552
2,31,23,19,116688233828052
2,31,23,20,31113078449940
2,31,23,21,7192208188032
2,31,23,22,1449466477442
2,31,23,23,255649563040
2,31,23,24,39537840492
2,31,23,25,5363376616
2,31,23,26,637116498
2,31,23,27,65765328
2,31,23,28,5919854
2,31,23,29,446952
2,31,23,30,29202
2,31,23,31,1388
2,31,23,32,80
2,31,23,33,0
2,31,23,34,0
2,31,23,35,0
2,31,23,36,0
2,31,23,37,0
2,31,23,38,0
2,31,23,39,0
2,31,23,40,0
2,31,23,41,0
2,31,23,42,0
2,31,23,43,0
2,31,23,44,0
2,31,23,45,0
2,31,23,46,0
2,31,23,47,0
2,31,23,48,0
2,31,23,49,0
2,31,23,50,0
2,31,23,51,0
2,31,23,52,0
2,31,23,53,0
2,31,23,54,0
2,31,23,55,0
2,31,23,56,0
2,31,23,57,0
2,31,23,58,0
2,31,23,59,0
2,31,23,60,0
2,31,23,61,0
2,31,23,62,0
2,31,23,63,0
2,31,23,64,0
2,31,23,65,0
2,31,23,66,0
2,31,23,67,0
2,31,23,68,0
2,31,23,69,0
2,31,23,70,0
2,31,23,71,0
2,31,23,72,0
2,31,23,73,0
2,31,23,74,0
2,31,23,75,0
2,31,23,76,0
2,31,23,77,0
2,31,23,78,0
2,31,23,79,0
2,31,23,80,0
2,31,23,81,0
2,31,23,82,0
2,31,23,83,0
2,31,23,84,0
2,31,23,85,0
2,31,23,86,0
2,31,23,87,0
2,31,23,88,0
2,31,23,89,0
2,31,23,90,0
2,31,23,91,0
2,31,24,0,244396544
2,31,24,1,5397428624
2,31,24,2,66704258420
2,31,24,3,588308852752
2,31,24,4,4008627578180
2,31,24,5,21924283131888
2,31,24,6,98150920919848
2,31,24,7,363079205383240
2,31,24,8,1113724980941424
2,31,24,9,2832066102806088
2,31,24,10,5954443420228460
2,31,24,11,10312798335278280
2,31,24,12,14659561743139686
2,31,24,13,17060821593613944
2,31,24,14,16250393435168688
2,31,24,15,12698173082731520
2,31,24,16,8182290147085620
2,31,24,17,4380593017780560
2,31,24,18,1966303236493764
2,31,24,19,747153306030048
2,31,24,20,242583629741824
2,31,24,21,67865332839584
2,31,24,22,16475982336408
2,31,24,23,3490582573896
2,31,24,24,647950725520
2,31,24,25,105628883976
2,31,24,26,15139575936
2,31,24,27,1901841672
2,31,24,28,209917273
2,31,24,29,19907576
2,31,24,30,1674568
2,31,24,31,108968
2,31,24,32,7774
2,31,24,33,152
2,31,24,34,20
2,31,24,35,0
2,31,24,36,0
2,31,24,37,0
2,31,24,38,0
2,31,24,39,0
2,31,24,40,0
2,31,24,41,0
2,31,24,42,0
2,31,24,43,0
2,31,24,44,0
2,31,24,45,0
2,31,24,46,0
2,31,24,47,0
2,31,24,48,0
2,31,24,49,0
2,31,24,50,0
2,31,24,51,0
2,31,24,52,0
2,31,24,53,0
2,31,24,54,0
2,31,24,55,0
2,31,24,56,0
2,31,24,57,0
2,31,24,58,0
2,31,24,59,0
2,31,24,60,0
2,31,24,61,0
2,31,24,62,0
2,31,24,63,0
2,31,24,64,0
2,31,24,65,0
2,31,24,66,0
2,31,24,67,0
2,31,24,68,0
2,31,24,69,0
2,31,24,70,0
2,31,24,71,0
2,31,24,72,0
2,31,24,73,0
2,31,24,74,0
2,31,24,75,0
2,31,24,76,0
2,31,24,77,0
2,31,24,78,0
2,31,24,79,0
2,31,24,80,0
2,31,24,81,0
2,31,24,82,0
2,31,24,83,0
2,31,24,84,0
2,31,24,85,0
2,31,24,86,0
2,31,24,87,0
2,31,24,88,0
2,31,24,89,0
2,31,24,90,0
2,31,24,91,0
2,31,25,0,44623502
2,31,25,1,1057807520
2,31,25,2,14232555920
2,31,25,3,138680054896
2,31,25,4,1056550286458
2,31,25,5,6535146613696
2,31,25,6,33472001409690
2,31,25,7,143362932931820
2,31,25,8,515569712727242
2,31,25,9,1557124048443576
2,31,25,10,3940028230359504
2,31,25,11,8318984383480152
2,31,25,12,14587862027610132
2,31,25,13,21151487616149920
2,31,25,14,25277771735833486
2,31,25,15,24871940190091660
2,31,25,16,20179485053415902
2,31,25,17,13557115430346752
2,31,25,18,7591332966970700
2,31,25,19,3571870574294456
2,31,25,20,1424790889991882
2,31,25,21,486068272060192
2,31,25,22,142969143878502
2,31,25,23,36510476460036
2,31,25,24,8140971826114
2,31,25,25,1591720900408
2,31,25,26,273632827720
2,31,25,27,41407126600
2,31,25,28,5512218694
2,31,25,29,644396512
2,31,25,30,65547824
2,31,25,31,5836544
2,31,25,32,434024
2,31,25,33,28312
2,31,25,34,1318
2,31,25,35,76
2,31,25,36,0
2,31,25,37,0
2,31,25,38,0
2,31,25,39,0
2,31,25,40,0
2,31,25,41,0
2,31,25,42,0
2,31,25,43,0
2,31,25,44,0
2,31,25,45,0
2,31,25,46,0
2,31,25,47,0
2,31,25,48,0
2,31,25,49,0
2,31,25,50,0
2,31,25,51,0
2,31,25,52,0
2,31,25,53,0
2,31,25,54,0
2,31,25,55,0
2,31,25,56,0
2,31,25,57,0
2,31,25,58,0
2,31,25,59,0
2,31,25,60,0
2,31,25,61,0
2,31,25,62,0
2,31,25,63,0
2,31,25,64,0
2,31,25,65,0
2,31,25,66,0
2,31,25,67,0
2,31,25,68,0
2,31,25,69,0
2,31,25,70,0
2,31,25,71,0
2,31,25,72,0
2,31,25,73,0
2,31,25,74,0
2,31,25,75,0
2,31,25,76,0
2,31,25,77,0
2,31,25,78,0
2,31,25,79,0
2,31,25,80,0
2,31,25,81,0
2,31,25,82,0
2,31,25,83,0
2,31,25,84,0
2,31,25,85,0
2,31,25,86,0
2,31,25,87,0
2,31,25,88,0
2,31,25,89,0
2,31,25,90,0
2,31,25,91,0
2,31,26,0,6430632
2,31,26,1,162539756
2,31,26,2,2367541136
2,31,26,3,25376300832
2,31,26,4,215186856176
2,31,26,5,1497386643920
2,31,26,6,8720637635376
2,31,26,7,42936956416256
2,31,26,8,179547117854864
2,31,26,9,638186260058172
2,31,26,10,1924515631911896
2,31,26,11,4905249819794256
2,31,26,12,10514882964840336
2,31,26,13,18853447416815064
2,31,26,14,28133379612191256
2,31,26,15,34804433253093672
2,31,26,16,35631299700362712
2,31,26,17,30206515952799552
2,31,26,18,21274739525114736
2,31,26,19,12518499498312968
2,31,26,20,6199102369164880
2,31,26,21,2604638411473182
2,31,26,22,936304750726112
2,31,26,23,290225064613568
2,31,26,24,78108745353744
2,31,26,25,18357479135692
2,31,26,26,3784475477080
2,31,26,27,686467009200
2,31,26,28,109729861552
2,31,26,29,15463818608
2,31,26,30,1914630456
2,31,26,31,208642744
2,31,26,32,19569424
2,31,26,33,1629894
2,31,26,34,105176
2,31,26,35,7436
2,31,26,36,144
2,31,26,37,19
2,31,26,38,0
2,31,26,39,0
2,31,26,40,0
2,31,26,41,0
2,31,26,42,0
2,31,26,43,0
2,31,26,44,0
2,31,26,45,0
2,31,26,46,0
2,31,26,47,0
2,31,26,48,0
2,31,26,49,0
2,31,26,50,0
2,31,26,51,0
2,31,26,52,0
2,31,26,53,0
2,31,26,54,0
2,31,26,55,0
2,31,26,56,0
2,31,26,57,0
2,31,26,58,0
2,31,26,59,0
2,31,26,60,0
2,31,26,61,0
2,31,26,62,0
2,31,26,63,0
2,31,26,64,0
2,31,26,65,0
2,31,26,66,0
2,31,26,67,0
2,31,26,68,0
2,31,26,69,0
2,31,26,70,0
2,31,26,71,0
2,31,26,72,0
2,31,26,73,0
2,31,26,74,0
2,31,26,75,0
2,31,26,76,0
2,31,26,77,0
2,31,26,78,0
2,31,26,79,0
2,31,26,80,0
2,31,26,81,0
2,31,26,82,0
2,31,26,83,0
2,31,26,84,0
2,31,26,85,0
2,31,26,86,0
2,31,26,87,0
2,31,26,88,0
2,31,26,89,0
2,31,26,90,0
2,31,26,91,0
2,31,27,0,713450
2,31,27,1,19109072
2,31,27,2,299991356
2,31,27,3,3529745780
2,31,27,4,33242577528
2,31,27,5,259468353600
2,31,27,6,1711585450680
2,31,27,7,9638746098016
2,31,27,8,46573535921740
2,31,27,9,193371866727568
2,31,27,10,689071733438430
2,31,27,11,2100743634369912
2,31,27,12,5453722772903286
2,31,27,13,11988905120414040
2,31,27,14,22183847991224088
2,31,27,15,34358287726512972
2,31,27,16,44343649563046380
2,31,27,17,47568468242792696
2,31,27,18,42404370214096342
2,31,27,19,31486720883032544
2,31,27,20,19566073117204040
2,31,27,21,10241224534931024
2,31,27,22,4549365713727352
2,31,27,23,1728726792854600
2,31,27,24,566215101734296
2,31,27,25,160954904614080
2,31,27,26,39943362626962
2,31,27,27,8694332429440
2,31,27,28,1665618429790
2,31,27,29,281411235160
2,31,27,30,41957892256
2,31,27,31,5514193148
2,31,27,32,637594126
2,31,27,33,64203656
2,31,27,34,5674536
2,31,27,35,417492
2,31,27,36,27214
2,31,27,37,1248
2,31,27,38,72
2,31,27,39,0
2,31,27,40,0
2,31,27,41,0
2,31,27,42,0
2,31,27,43,0
2,31,27,44,0
2,31,27,45,0
2,31,27,46,0
2,31,27,47,0
2,31,27,48,0
2,31,27,49,0
2,31,27,50,0
2,31,27,51,0
2,31,27,52,0
2,31,27,53,0
2,31,27,54,0
2,31,27,55,0
2,31,27,56,0
2,31,27,57,0
2,31,27,58,0
2,31,27,59,0
2,31,27,60,0
2,31,27,61,0
2,31,27,62,0
2,31,27,63,0
2,31,27,64,0
2,31,27,65,0
2,31,27,66,0
2,31,27,67,0
2,31,27,68,0
2,31,27,69,0
2,31,27,70,0
2,31,27,71,0
2,31,27,72,0
2,31,27,73,0
2,31,27,74,0
2,31,27,75,0
2,31,27,76,0
2,31,27,77,0
2,31,27,78,0
2,31,27,79,0
2,31,27,80,0
2,31,27,81,0
2,31,27,82,0
2,31,27,83,0
2,31,27,84,0
2,31,27,85,0
2,31,27,86,0
2,31,27,87,0
2,31,27,88,0
2,31,27,89,0
2,31,27,90,0
2,31,27,91,0
2,31,28,0,58688
2,31,28,1,1656104
2,31,28,2,27947708
2,31,28,3,361590560
2,31,28,4,3787690508
2,31,28,5,33175716440
2,31,28,6,247713867568
2,31,28,7,1592334325584
2,31,28,8,8859478260480
2,31,28,9,42754909756768
2,31,28,10,178884846623192
2,31,28,11,647347142888144
2,31,28,12,2018152086776776
2,31,28,13,5392132903554000
2,31,28,14,12272476826978088
2,31,28,15,23642929359746520
2,31,28,16,38320799142275484
2,31,28,17,51993147829358976
2,31,28,18,58857070038497848
2,31,28,19,55530526681831880
2,31,28,20,43728212711771024
2,31,28,21,28848701791277552
2,31,28,22,16035842340946778
2,31,28,23,7562596763827280
2,31,28,24,3048717638592556
2,31,28,25,1058410307326736
2,31,28,26,318616649199464
2,31,28,27,83669971462944
2,31,28,28,19262418301280
2,31,28,29,3902341933760
2,31,28,30,697438296768
2,31,28,31,110083567192
2,31,28,32,15345602524
2,31,28,33,1882328264
2,31,28,34,203431204
2,31,28,35,18945160
2,31,28,36,1567820
2,31,28,37,100616
2,31,28,38,7073
2,31,28,39,136
2,31,28,40,18
2,31,28,41,0
2,31,28,42,0
2,31,28,43,0
2,31,28,44,0
2,31,28,45,0
2,31,28,46,0
2,31,28,47,0
2,31,28,48,0
2,31,28,49,0
2,31,28,50,0
2,31,28,51,0
2,31,28,52,0
2,31,28,53,0
2,31,28,54,0
2,31,28,55,0
2,31,28,56,0
2,31,28,57,0
2,31,28,58,0
2,31,28,59,0
2,31,28,60,0
2,31,28,61,0
2,31,28,62,0
2,31,28,63,0
2,31,28,64,0
2,31,28,65,0
2,31,28,66,0
2,31,28,67,0
2,31,28,68,0
2,31,28,69,0
2,31,28,70,0
2,31,28,71,0
2,31,28,72,0
2,31,28,73,0
2,31,28,74,0
2,31,28,75,0
2,31,28,76,0
2,31,28,77,0
2,31,28,78,0
2,31,28,79,0
2,31,28,80,0
2,31,28,81,0
2,31,28,82,0
2,31,28,83,0
2,31,28,84,0
2,31,28,85,0
2,31,28,86,0
2,31,28,87,0
2,31,28,88,0
2,31,28,89,0
2,31,28,90,0
2,31,28,91,0
2,31,29,0,3366
2,31,29,1,99536
2,31,29,2,1807160
2,31,29,3,25944408
2,31,29,4,304697670
2,31,29,5,3012712656
2,31,29,6,25576215246
2,31,29,7,188147335148
2,31,29,8,1206154761788
2,31,29,9,6757070174160
2,31,29,10,33090794345840
2,31,29,11,141453485918880
2,31,29,12,526212969630888
2,31,29,13,1696089000241760
2,31,29,14,4710835616878700
2,31,29,15,11204402089097016
2,31,29,16,22669449822508566
2,31,29,17,38766817692275568
2,31,29,18,55721806494552558
2,31,29,19,67047674679259692
2,31,29,20,67405289245037738
2,31,29,21,56644310352876768
2,31,29,22,39902680467909264
2,31,29,23,23677923122551920
2,31,29,24,11910327681641760
2,31,29,25,5114760876774584
2,31,29,26,1888849780486004
2,31,29,27,603995176624056
2,31,29,28,168273779971072
2,31,29,29,41059891098400
2,31,29,30,8811075177096
2,31,29,31,1667794371376
2,31,29,32,278909429380
2,31,29,33,41223513888
2,31,29,34,5376858286
2,31,29,35,617729428
2,31,29,36,61834368
2,31,29,37,5441936
2,31,29,38,397782
2,31,29,39,25932
2,31,29,40,1178
2,31,29,41,68
2,31,29,42,0
2,31,29,43,0
2,31,29,44,0
2,31,29,45,0
2,31,29,46,0
2,31,29,47,0
2,31,29,48,0
2,31,29,49,0
2,31,29,50,0
2,31,29,51,0
2,31,29,52,0
2,31,29,53,0
2,31,29,54,0
2,31,29,55,0
2,31,29,56,0
2,31,29,57,0
2,31,29,58,0
2,31,29,59,0
2,31,29,60,0
2,31,29,61,0
2,31,29,62,0
2,31,29,63,0
2,31,29,64,0
2,31,29,65,0
2,31,29,66,0
2,31,29,67,0
2,31,29,68,0
2,31,29,69,0
2,31,29,70,0
2,31,29,71,0
2,31,29,72,0
2,31,29,73,0
2,31,29,74,0
2,31,29,75,0
2,31,29,76,0
2,31,29,77,0
2,31,29,78,0
2,31,29,79,0
2,31,29,80,0
2,31,29,81,0
2,31,29,82,0
2,31,29,83,0
2,31,29,84,0
2,31,29,85,0
2,31,29,86,0
2,31,29,87,0
2,31,29,88,0
2,31,29,89,0
2,31,29,90,0
2,31,29,91,0
2,31,30,0,120
2,31,30,1,3700
2,31,30,2,73000
2,31,30,3,1195344
2,31,30,4,16084952
2,31,30,5,182516616
2,31,30,6,1786030760
2,31,30,7,15193243400
2,31,30,8,113050699224
2,31,30,9,738594698632
2,31,30,10,4242157282272
2,31,30,11,21411803179680
2,31,30,12,94795856143920
2,31,30,13,366927894331640
2,31,30,14,1236217026047920
2,31,30,15,3605343855089928
2,31,30,16,9044891498376880
2,31,30,17,19388182753985760
2,31,30,18,35272607375918784
2,31,30,19,54134991034907732
2,31,30,20,69759637161711368
2,31,30,21,75264602979442668
2,31,30,22,67953153486808208
2,31,30,23,51435955209489672
2,31,30,24,32771816355358000
2,31,30,25,17675330744322768
2,31,30,26,8124004490913360
2,31,30,27,3204643195717810
2,31,30,28,1092449785600496
2,31,30,29,323890645880768
2,31,30,30,83978834137920
2,31,30,31,19128585457400
2,31,30,32,3840713800760
2,31,30,33,681265274484
2,31,30,34,106846227592
2,31,30,35,14813154156
2,31,30,36,1808602784
2,31,30,37,194665604
2,31,30,38,18065432
2,31,30,39,1490448
2,31,30,40,95384
2,31,30,41,6688
2,31,30,42,128
2,31,30,43,17
2,31,30,44,0
2,31,30,45,0
2,31,30,46,0
2,31,30,47,0
2,31,30,48,0
2,31,30,49,0
2,31,30,50,0
2,31,30,51,0
2,31,30,52,0
2,31,30,53,0
2,31,30,54,0
2,31,30,55,0
2,31,30,56,0
2,31,30,57,0
2,31,30,58,0
2,31,30,59,0
2,31,30,60,0
2,31,30,61,0
2,31,30,62,0
2,31,30,63,0
2,31,30,64,0
2,31,30,65,0
2,31,30,66,0
2,31,30,67,0
2,31,30,68,0
2,31,30,69,0
2,31,30,70,0
2,31,30,71,0
2,31,30,72,0
2,31,30,73,0
2,31,30,74,0
2,31,30,75,0
2,31,30,76,0
2,31,30,77,0
2,31,30,78,0
2,31,30,79,0
2,31,30,80,0
2,31,30,81,0
2,31,30,82,0
2,31,30,83,0
2,31,30,84,0
2,31,30,85,0
2,31,30,86,0
2,31,30,87,0
2,31,30,88,0
2,31,30,89,0
2,31,30,90,0
2,31,30,91,0
2,31,31,0,2
2,31,31,1,64
2,31,31,2,1444
2,31,31,3,29660
2,31,31,4,485236
2,31,31,5,6583744
2,31,31,6,76856972
2,31,31,7,776192912
2,31,31,8,6838271222
2,31,31,9,52889970248
2,31,31,10,360105140594
2,31,31,11,2161049454524
2,31,31,12,11427674841524
2,31,31,13,53154549248816
2,31,31,14,216821308534376
2,31,31,15,772361265368392
2,31,31,16,2390102053348524
2,31,31,17,6386140164410304
2,31,31,18,14634795162672564
2,31,31,19,28569091972449560
2,31,31,20,47204251509476060
2,31,31,21,65661521059428800
2,31,31,22,76609845772882570
2,31,31,23,74857370911474840
2,31,31,24,61307993457169856
2,31,31,25,42214882025785680
2,31,31,26,24559578477401640
2,31,31,27,12147346008540400
2,31,31,28,5143143184298884
2,31,31,29,1877053525337488
2,31,31,30,594392063609212
2,31,31,31,164270363957688
2,31,31,32,39817957018818
2,31,31,33,8497932591408
2,31,31,34,1601261878604
2,31,31,35,266778945404
2,31,31,36,39307823824
2,31,31,37,5113471104
2,31,31,38,586199550
2,31,31,39,58560072
2,31,31,40,5147522
2,31,31,41,375320
2,31,31,42,24490
2,31,31,43,1108
2,31,31,44,64
2,31,31,45,0
2,31,31,46,0
2,31,31,47,0
2,31,31,48,0
2,31,31,49,0
2,31,31,50,0
2,31,31,51,0
2,31,31,52,0
2,31,31,53,0
2,31,31,54,0
2,31,31,55,0
2,31,31,56,0
2,31,31,57,0
2,31,31,58,0
2,31,31,59,0
2,31,31,60,0
2,31,31,61,0
2,31,31,62,0
2,31,31,63,0
2,31,31,64,0
2,31,31,65,0
2,31,31,66,0
2,31,31,67,0
2,31,31,68,0
2,31,31,69,0
2,31,31,70,0
2,31,31,71,0
2,31,31,72,0
2,31,31,73,0
2,31,31,74,0
2,31,31,75,0
2,31,31,76,0
2,31,31,77,0
2,31,31,78,0
2,31,31,79,0
2,31,31,80,0
2,31,31,81,0
2,31,31,82,0
2,31,31,83,0
2,31,31,84,0
2,31,31,85,0
2,31,31,86,0
2,31,31,87,0
2,31,31,88,0
2,31,31,89,0
2,31,31,90,0
2,31,31,91,0
2,31,32,0,0
2,31,32,1,0
2,31,32,2,4
2,31,32,3,240
2,31,32,4,5972
2,31,32,5,109728
2,31,32,6,1687320
2,31,32,7,21657528
2,31,32,8,237239888
2,31,32,9,2254692168
2,31,32,10,18711843396
2,31,32,11,136284949752
2,31,32,12,873573042876
2,31,32,13,4931082491336
2,31,32,14,24491157226696
2,31,32,15,106787878318944
2,31,32,16,407325616154265
2,31,32,17,1352817750770752
2,31,32,18,3890096046127944
2,31,32,19,9623464357290768
2,31,32,20,20343176427495984
2,31,32,21,36504290250042096
2,31,32,22,55277771251863928
2,31,32,23,70321053697915424
2,31,32,24,74961697802801796
2,31,32,25,66941367030713888
2,31,32,26,50181123363140736
2,31,32,27,31707227664955056
2,31,32,28,16982636929540888
2,31,32,29,7761519179800912
2,31,32,30,3047853147112728
2,31,32,31,1035335508396528
2,31,32,32,306125043469434
2,31,32,33,79210092736368
2,31,32,34,18015050905316
2,31,32,35,3613181881840
2,31,32,36,640417177452
2,31,32,37,100389120544
2,31,32,38,13913580240
2,31,32,39,1698506232
2,31,32,40,182806796
2,31,32,41,16964488
2,31,32,42,1399932
2,31,32,43,89576
2,31,32,44,6284
2,31,32,45,120
2,31,32,46,16
2,31,32,47,0
2,31,32,48,0
2,31,32,49,0
2,31,32,50,0
2,31,32,51,0
2,31,32,52,0
2,31,32,53,0
2,31,32,54,0
2,31,32,55,0
2,31,32,56,0
2,31,32,57,0
2,31,32,58,0
2,31,32,59,0
2,31,32,60,0
2,31,32,61,0
2,31,32,62,0
2,31,32,63,0
2,31,32,64,0
2,31,32,65,0
2,31,32,66,0
2,31,32,67,0
2,31,32,68,0
2,31,32,69,0
2,31,32,70,0
2,31,32,71,0
2,31,32,72,0
2,31,32,73,0
2,31,32,74,0
2,31,32,75,0
2,31,32,76,0
2,31,32,77,0
2,31,32,78,0
2,31,32,79,0
2,31,32,80,0
2,31,32,81,0
2,31,32,82,0
2,31,32,83,0
2,31,32,84,0
2,31,32,85,0
2,31,32,86,0
2,31,32,87,0
2,31,32,88,0
2,31,32,89,0
2,31,32,90,0
2,31,32,91,0
2,31,33,0,0
2,31,33,1,0
2,31,33,2,0
2,31,33,3,0
2,31,33,4,2
2,31,33,5,288
2,31,33,6,11010
2,31,33,7,231052
2,31,33,8,3641262
2,31,33,9,47117032
2,31,33,10,511936720
2,31,33,11,4764403640
2,31,33,12,38454608308
2,31,33,13,270859146464
2,31,33,14,1670958461354
2,31,33,15,9039997510324
2,31,33,16,42859843160778
2,31,33,17,177679900103472
2,31,33,18,641735231382196
2,31,33,19,2009599263845320
2,31,33,20,5424899347037124
2,31,33,21,12543484340782704
2,31,33,22,24678626901811076
2,31,33,23,41057996606458376
2,31,33,24,57463832143449458
2,31,33,25,67418388878449824
2,31,33,26,66212599682679324
2,31,33,27,54485993804975224
2,31,33,28,37685833934099292
2,31,33,29,22018186449629696
2,31,33,30,10934596203165064
2,31,33,31,4647565690074272
2,31,33,32,1702405266473036
2,31,33,33,540954697871712
2,31,33,34,149989319122620
2,31,33,35,36467479974120
2,31,33,36,7805134183150
2,31,33,37,1474646306736
2,31,33,38,246295685890
2,31,33,39,36374002892
2,31,33,40,4742019996
2,31,33,41,544710888
2,31,33,42,54516028
2,31,33,43,4800624
2,31,33,44,350532
2,31,33,45,22912
2,31,33,46,1038
2,31,33,47,60
2,31,33,48,0
2,31,33,49,0
2,31,33,50,0
2,31,33,51,0
2,31,33,52,0
2,31,33,53,0
2,31,33,54,0
2,31,33,55,0
2,31,33,56,0
2,31,33,57,0
2,31,33,58,0
2,31,33,59,0
2,31,33,60,0
2,31,33,61,0
2,31,33,62,0
2,31,33,63,0
2,31,33,64,0
2,31,33,65,0
2,31,33,66,0
2,31,33,67,0
2,31,33,68,0
2,31,33,69,0
2,31,33,70,0
2,31,33,71,0
2,31,33,72,0
2,31,33,73,0
2,31,33,74,0
2,31,33,75,0
2,31,33,76,0
2,31,33,77,0
2,31,33,78,0
2,31,33,79,0
2,31,33,80,0
2,31,33,81,0
2,31,33,82,0
2,31,33,83,0
2,31,33,84,0
2,31,33,85,0
2,31,33,86,0
2,31,33,87,0
2,31,33,88,0
2,31,33,89,0
2,31,33,90,0
2,31,33,91,0
2,31,34,0,0
2,31,34,1,0
2,31,34,2,0
2,31,34,3,0
2,31,34,4,0
2,31,34,5,0
2,31,34,6,0
2,31,34,7,112
2,31,34,8,9280
2,31,34,9,280068
2,31,34,10,5130264
2,31,34,11,71038704
2,31,34,12,800971008
2,31,34,13,7568754116
2,31,34,14,61086496616
2,31,34,15,425760816856
2,31,34,16,2577315538456
2,31,34,17,13586237857036
2,31,34,18,62379308322176
2,31,34,19,249009124082384
2,31,34,20,861309727588688
2,31,34,21,2569455360026728
2,31,34,22,6573579606986768
2,31,34,23,14332983767971616
2,31,34,24,26468098175637704
2,31,34,25,41162262708980024
2,31,34,26,53673585679863104
2,31,34,27,58534735339271856
2,31,34,28,53375412545657184
2,31,34,29,40778796357015888
2,31,34,30,26211265321340880
2,31,34,31,14255739783797040
2,31,34,32,6604709642453712
2,31,34,33,2625137496981854
2,31,34,34,901336575993168
2,31,34,35,269041239683040
2,31,34,36,70201619294320
2,31,34,37,16085780134336
2,31,34,38,3247757245024
2,31,34,39,579080286080
2,31,34,40,91259474136
2,31,34,41,12709260396
2,31,34,42,1558201912
2,31,34,43,168377728
2,31,34,44,15679456
2,31,34,45,1298468
2,31,34,46,83288
2,31,34,47,5864
2,31,34,48,112
2,31,34,49,15
2,31,34,50,0
2,31,34,51,0
2,31,34,52,0
2,31,34,53,0
2,31,34,54,0
2,31,34,55,0
2,31,34,56,0
2,31,34,57,0
2,31,34,58,0
2,31,34,59,0
2,31,34,60,0
2,31,34,61,0
2,31,34,62,0
2,31,34,63,0
2,31,34,64,0
2,31,34,65,0
2,31,34,66,0
2,31,34,67,0
2,31,34,68,0
2,31,34,69,0
2,31,34,70,0
2,31,34,71,0
2,31,34,72,0
2,31,34,73,0
2,31,34,74,0
2,31,34,75,0
2,31,34,76,0
2,31,34,77,0
2,31,34,78,0
2,31,34,79,0
2,31,34,80,0
2,31,34,81,0
2,31,34,82,0
2,31,34,83,0
2,31,34,84,0
2,31,34,85,0
2,31,34,86,0
2,31,34,87,0
2,31,34,88,0
2,31,34,89,0
2,31,34,90,0
2,31,34,91,0
2,31,35,0,0
2,31,35,1,0
2,31,35,2,0
2,31,35,3,0
2,31,35,4,0
2,31,35,5,0
2,31,35,6,0
2,31,35,7,0
2,31,35,8,0
2,31,35,9,0
2,31,35,10,2918
2,31,35,11,179792
2,31,35,12,4599282
2,31,35,13,74774376
2,31,35,14,920338344
2,31,35,15,9165710388
2,31,35,16,76133274404
2,31,35,17,537086865944
2,31,35,18,3250702993074
2,31,35,19,16965220700384
2,31,35,20,76479725529804
2,31,35,21,297572881634496
2,31,35,22,996560541722036
2,31,35,23,2860417560735752
2,31,35,24,6999395149111974
2,31,35,25,14516106150178320
2,31,35,26,25368016093025136
2,31,35,27,37170472136237676
2,31,35,28,45504601021587936
2,31,35,29,46474041027148256
2,31,35,30,39629793396487332
2,31,35,31,28303250684966592
2,31,35,32,17015249249466432
2,31,35,33,8665743282629280
2,31,35,34,3765581315289596
2,31,35,35,1406253807609320
2,31,35,36,454453492204992
2,31,35,37,127876272152272
2,31,35,38,31494805588300
2,31,35,39,6817645586256
2,31,35,40,1301007568774
2,31,35,41,219224960800
2,31,35,42,32631468690
2,31,35,43,4284165484
2,31,35,44,495209242
2,31,35,45,49849224
2,31,35,46,4411004
2,31,35,47,323844
2,31,35,48,21222
2,31,35,49,968
2,31,35,50,56
2,31,35,51,0
2,31,35,52,0
2,31,35,53,0
2,31,35,54,0
2,31,35,55,0
2,31,35,56,0
2,31,35,57,0
2,31,35,58,0
2,31,35,59,0
2,31,35,60,0
2,31,35,61,0
2,31,35,62,0
2,31,35,63,0
2,31,35,64,0
2,31,35,65,0
2,31,35,66,0
2,31,35,67,0
2,31,35,68,0
2,31,35,69,0
2,31,35,70,0
2,31,35,71,0
2,31,35,72,0
2,31,35,73,0
2,31,35,74,0
2,31,35,75,0
2,31,35,76,0
2,31,35,77,0
2,31,35,78,0
2,31,35,79,0
2,31,35,80,0
2,31,35,81,0
2,31,35,82,0
2,31,35,83,0
2,31,35,84,0
2,31,35,85,0
2,31,35,86,0
2,31,35,87,0
2,31,35,88,0
2,31,35,89,0
2,31,35,90,0
2,31,35,91,0
2,31,36,0,0
2,31,36,1,0
2,31,36,2,0
2,31,36,3,0
2,31,36,4,0
2,31,36,5,0
2,31,36,6,0
2,31,36,7,0
2,31,36,8,0
2,31,36,9,0
2,31,36,10,0
2,31,36,11,0
2,31,36,12,0
2,31,36,13,47008
2,31,36,14,2363564
2,31,36,15,52865080
2,31,36,16,768869756
2,31,36,17,8452270176
2,31,36,18,74701507920
2,31,36,19,547061457560
2,31,36,20,3377496468608
2,31,36,21,17743795090736
2,31,36,22,79659026296376
2,31,36,23,305863378145632
2,31,36,24,1002758165416616
2,31,36,25,2797144492845704
2,31,36,26,6607334904591376
2,31,36,27,13146833383256496
2,31,36,28,21920700276875388
2,31,36,29,30498678767906328
2,31,36,30,35315440478122536
2,31,36,31,34017442599068992
2,31,36,32,27309320644383632
2,31,36,33,18347273538745456
2,31,36,34,10376053451940998
2,31,36,35,4974403760505680
2,31,36,36,2036845048031332
2,31,36,37,717630994226272
2,31,36,38,219054265485496
2,31,36,39,58279813534768
2,31,36,40,13581886473120
2,31,36,41,2783053462440
2,31,36,42,502704284760
2,31,36,43,80134192352
2,31,36,44,11273856028
2,31,36,45,1394676696
2,31,36,46,151947524
2,31,36,47,14249624
2,31,36,48,1188284
2,31,36,49,76616
2,31,36,50,5431
2,31,36,51,104
2,31,36,52,14
2,31,36,53,0
2,31,36,54,0
2,31,36,55,0
2,31,36,56,0
2,31,36,57,0
2,31,36,58,0
2,31,36,59,0
2,31,36,60,0
2,31,36,61,0
2,31,36,62,0
2,31,36,63,0
2,31,36,64,0
2,31,36,65,0
2,31,36,66,0
2,31,36,67,0
2,31,36,68,0
2,31,36,69,0
2,31,36,70,0
2,31,36,71,0
2,31,36,72,0
2,31,36,73,0
2,31,36,74,0
2,31,36,75,0
2,31,36,76,0
2,31,36,77,0
2,31,36,78,0
2,31,36,79,0
2,31,36,80,0
2,31,36,81,0
2,31,36,82,0
2,31,36,83,0
2,31,36,84,0
2,31,36,85,0
2,31,36,86,0
2,31,36,87,0
2,31,36,88,0
2,31,36,89,0
2,31,36,90,0
2,31,36,91,0
2,31,37,0,0
2,31,37,1,0
2,31,37,2,0
2,31,37,3,0
2,31,37,4,0
2,31,37,5,0
2,31,37,6,0
2,31,37,7,0
2,31,37,8,0
2,31,37,9,0
2,31,37,10,0
2,31,37,11,0
2,31,37,12,0
2,31,37,13,0
2,31,37,14,0
2,31,37,15,0
2,31,37,16,525002
2,31,37,17,22502576
2,31,37,18,446560210
2,31,37,19,5826600628
2,31,37,20,57244603090
2,31,37,21,448930906320
2,31,37,22,2894380767056
2,31,37,23,15594368315120
2,31,37,24,70807901274418
2,31,37,25,271880480290960
2,31,37,26,882806952852892
2,31,37,27,2418374745252416
2,31,37,28,5567619821976270
2,31,37,29,10723024650661488
2,31,37,30,17200637599154922
2,31,37,31,22901507420525220
2,31,37,32,25266543096383436
2,31,37,33,23111567413254912
2,31,37,34,17578597038904544
2,31,37,35,11174022951271040
2,31,37,36,5975956936333964
2,31,37,37,2709505124440632
2,31,37,38,1049747241262860
2,31,37,39,350176072785896
2,31,37,40,101269333344550
2,31,37,41,25539461522512
2,31,37,42,5643293016320
2,31,37,43,1096366673640
2,31,37,44,187663307010
2,31,37,45,28321328976
2,31,37,46,3764114658
2,31,37,47,439808436
2,31,37,48,44714956
2,31,37,49,3988736
2,31,37,50,295682
2,31,37,51,19444
2,31,37,52,898
2,31,37,53,52
2,31,37,54,0
2,31,37,55,0
2,31,37,56,0
2,31,37,57,0
2,31,37,58,0
2,31,37,59,0
2,31,37,60,0
2,31,37,61,0
2,31,37,62,0
2,31,37,63,0
2,31,37,64,0
2,31,37,65,0
2,31,37,66,0
2,31,37,67,0
2,31,37,68,0
2,31,37,69,0
2,31,37,70,0
2,31,37,71,0
2,31,37,72,0
2,31,37,73,0
2,31,37,74,0
2,31,37,75,0
2,31,37,76,0
2,31,37,77,0
2,31,37,78,0
2,31,37,79,0
2,31,37,80,0
2,31,37,81,0
2,31,37,82,0
2,31,37,83,0
2,31,37,84,0
2,31,37,85,0
2,31,37,86,0
2,31,37,87,0
2,31,37,88,0
2,31,37,89,0
2,31,37,90,0
2,31,37,91,0
2,31,38,0,0
2,31,38,1,0
2,31,38,2,0
2,31,38,3,0
2,31,38,4,0
2,31,38,5,0
2,31,38,6,0
2,31,38,7,0
2,31,38,8,0
2,31,38,9,0
2,31,38,10,0
2,31,38,11,0
2,31,38,12,0
2,31,38,13,0
2,31,38,14,0
2,31,38,15,0
2,31,38,16,0
2,31,38,17,0
2,31,38,18,0
2,31,38,19,4320608
2,31,38,20,161467832
2,31,38,21,2861269644
2,31,38,22,33476110256
2,31,38,23,293280454880
2,31,38,24,2034368728488
2,31,38,25,11496447799124
2,31,38,26,53749431740840
2,31,38,27,209481264534048
2,31,38,28,682363748153000
2,31,38,29,1856626380683328
2,31,38,30,4208520414469896
2,31,38,31,7919003097136092
2,31,38,32,12325702421064552
2,31,38,33,15829147800782568
2,31,38,34,16760940603464400
2,31,38,35,14656184804197524
2,31,38,36,10625391971101152
2,31,38,37,6425250426272528
2,31,38,38,3265245240712000
2,31,38,39,1406065411462026
2,31,38,40,517327056274328
2,31,38,41,163900832965220
2,31,38,42,45024513476616
2,31,38,43,10786458248560
2,31,38,44,2263694976280
2,31,38,45,417481219848
2,31,38,46,67768813672
2,31,38,47,9688061924
2,31,38,48,1215443904
2,31,38,49,134115484
2,31,38,50,12715720
2,31,38,51,1071630
2,31,38,52,69656
2,31,38,53,4988
2,31,38,54,96
2,31,38,55,13
2,31,38,56,0
2,31,38,57,0
2,31,38,58,0
2,31,38,59,0
2,31,38,60,0
2,31,38,61,0
2,31,38,62,0
2,31,38,63,0
2,31,38,64,0
2,31,38,65,0
2,31,38,66,0
2,31,38,67,0
2,31,38,68,0
2,31,38,69,0
2,31,38,70,0
2,31,38,71,0
2,31,38,72,0
2,31,38,73,0
2,31,38,74,0
2,31,38,75,0
2,31,38,76,0
2,31,38,77,0
2,31,38,78,0
2,31,38,79,0
2,31,38,80,0
2,31,38,81,0
2,31,38,82,0
2,31,38,83,0
2,31,38,84,0
2,31,38,85,0
2,31,38,86,0
2,31,38,87,0
2,31,38,88,0
2,31,38,89,0
2,31,38,90,0
2,31,38,91,0
2,31,39,0,0
2,31,39,1,0
2,31,39,2,0
2,31,39,3,0
2,31,39,4,0
2,31,39,5,0
2,31,39,6,0
2,31,39,7,0
2,31,39,8,0
2,31,39,9,0
2,31,39,10,0
2,31,39,11,0
2,31,39,12,0
2,31,39,13,0
2,31,39,14,0
2,31,39,15,0
2,31,39,16,0
2,31,39,17,0
2,31,39,18,0
2,31,39,19,0
2,31,39,20,0
2,31,39,21,0
2,31,39,22,27192718
2,31,39,23,896417440
2,31,39,24,14206851650
2,31,39,25,148618496784
2,31,39,26,1155993910044
2,31,39,27,7054316104588
2,31,39,28,34713640510612
2,31,39,29,139753671715600
2,31,39,30,463420892933688
2,31,39,31,1268280649521168
2,31,39,32,2862325282539258
2,31,39,33,5314915599318824
2,31,39,34,8099891367438382
2,31,39,35,10115984427853908
2,31,39,36,10356565152845388
2,31,39,37,8714609201841344
2,31,39,38,6057410742082040
2,31,39,39,3502577335291800
2,31,39,40,1698968862692598
2,31,39,41,697519727402848
2,31,39,42,244515128957536
2,31,39,43,73778572055444
2,31,39,44,19295733755100
2,31,39,45,4399136313776
2,31,39,46,878062192436
2,31,39,47,153866672960
2,31,39,48,23700975228
2,31,39,49,3207455016
2,31,39,50,380717978
2,31,39,51,39273408
2,31,39,52,3544086
2,31,39,53,266472
2,31,39,54,17602
2,31,39,55,828
2,31,39,56,48
2,31,39,57,0
2,31,39,58,0
2,31,39,59,0
2,31,39,60,0
2,31,39,61,0
2,31,39,62,0
2,31,39,63,0
2,31,39,64,0
2,31,39,65,0
2,31,39,66,0
2,31,39,67,0
2,31,39,68,0
2,31,39,69,0
2,31,39,70,0
2,31,39,71,0
2,31,39,72,0
2,31,39,73,0
2,31,39,74,0
2,31,39,75,0
2,31,39,76,0
2,31,39,77,0
2,31,39,78,0
2,31,39,79,0
2,31,39,80,0
2,31,39,81,0
2,31,39,82,0
2,31,39,83,0
2,31,39,84,0
2,31,39,85,0
2,31,39,86,0
2,31,39,87,0
2,31,39,88,0
2,31,39,89,0
2,31,39,90,0
2,31,39,91,0
2,31,40,0,0
2,31,40,1,0
2,31,40,2,0
2,31,40,3,0
2,31,40,4,0
2,31,40,5,0
2,31,40,6,0
2,31,40,7,0
2,31,40,8,0
2,31,40,9,0
2,31,40,10,0
2,31,40,11,0
2,31,40,12,0
2,31,40,13,0
2,31,40,14,0
2,31,40,15,0
2,31,40,16,0
2,31,40,17,0
2,31,40,18,0
2,31,40,19,0
2,31,40,20,0
2,31,40,21,0
2,31,40,22,0
2,31,40,23,0
2,31,40,24,0
2,31,40,25,134110592
2,31,40,26,3920105300
2,31,40,27,55479246720
2,31,40,28,516499018596
2,31,40,29,3545377979808
2,31,40,30,18898422287464
2,31,40,31,80319650988120
2,31,40,32,275890893997680
2,31,40,33,770602462601592
2,31,40,34,1753386294822796
2,31,40,35,3248437217522104
2,31,40,36,4894873147867058
2,31,40,37,5996792180880488
2,31,40,38,5981608715581472
2,31,40,39,4876060529190800
2,31,40,40,3268459544340220
2,31,40,41,1816191815680480
2,31,40,42,844442920889780
2,31,40,43,331720582882672
2,31,40,44,111123475401496
2,31,40,45,32011163628016
2,31,40,46,7986360387480
2,31,40,47,1735387990200
2,31,40,48,329793313584
2,31,40,49,54944151272
2,31,40,50,8035227200
2,31,40,51,1028241064
2,31,40,52,115495039
2,31,40,53,11119192
2,31,40,54,950768
2,31,40,55,62504
2,31,40,56,4538
2,31,40,57,88
2,31,40,58,12
2,31,40,59,0
2,31,40,60,0
2,31,40,61,0
2,31,40,62,0
2,31,40,63,0
2,31,40,64,0
2,31,40,65,0
2,31,40,66,0
2,31,40,67,0
2,31,40,68,0
2,31,40,69,0
2,31,40,70,0
2,31,40,71,0
2,31,40,72,0
2,31,40,73,0
2,31,40,74,0
2,31,40,75,0
2,31,40,76,0
2,31,40,77,0
2,31,40,78,0
2,31,40,79,0
2,31,40,80,0
2,31,40,81,0
2,31,40,82,0
2,31,40,83,0
2,31,40,84,0
2,31,40,85,0
2,31,40,86,0
2,31,40,87,0
2,31,40,88,0
2,31,40,89,0
2,31,40,90,0
2,31,40,91,0
2,31,41,0,0
2,31,41,1,0
2,31,41,2,0
2,31,41,3,0
2,31,41,4,0
2,31,41,5,0
2,31,41,6,0
2,31,41,7,0
2,31,41,8,0
2,31,41,9,0
2,31,41,10,0
2,31,41,11,0
2,31,41,12,0
2,31,41,13,0
2,31,41,14,0
2,31,41,15,0
2,31,41,16,0
2,31,41,17,0
2,31,41,18,0
2,31,41,19,0
2,31,41,20,0
2,31,41,21,0
2,31,41,22,0
2,31,41,23,0
2,31,41,24,0
2,31,41,25,0
2,31,41,26,0
2,31,41,27,0
2,31,41,28,527022162
2,31,41,29,13674304256
2,31,41,30,172166541474
2,31,41,31,1417672676380
2,31,41,32,8524258615030
2,31,41,33,39355351002936
2,31,41,34,143101050424304
2,31,41,35,415097128640584
2,31,41,36,966177370625448
2,31,41,37,1808357260568608
2,31,41,38,2723531673409990
2,31,41,39,3304029857610396
2,31,41,40,3237167599415542
2,31,41,41,2574279032002496
2,31,41,42,1673858555930556
2,31,41,43,898240137278376
2,31,41,44,401963272654874
2,31,41,45,151593391905696
2,31,41,46,48661666350462
2,31,41,47,13412584448532
2,31,41,48,3197535916848
2,31,41,49,663067251224
2,31,41,50,120074747512
2,31,41,51,19028394504
2,31,41,52,2639973394
2,31,41,53,320170320
2,31,41,54,33686232
2,31,41,55,3087392
2,31,41,56,236640
2,31,41,57,15720
2,31,41,58,758
2,31,41,59,44
2,31,41,60,0
2,31,41,61,0
2,31,41,62,0
2,31,41,63,0
2,31,41,64,0
2,31,41,65,0
2,31,41,66,0
2,31,41,67,0
2,31,41,68,0
2,31,41,69,0
2,31,41,70,0
2,31,41,71,0
2,31,41,72,0
2,31,41,73,0
2,31,41,74,0
2,31,41,75,0
2,31,41,76,0
2,31,41,77,0
2,31,41,78,0
2,31,41,79,0
2,31,41,80,0
2,31,41,81,0
2,31,41,82,0
2,31,41,83,0
2,31,41,84,0
2,31,41,85,0
2,31,41,86,0
2,31,41,87,0
2,31,41,88,0
2,31,41,89,0
2,31,41,90,0
2,31,41,91,0
2,31,42,0,0
2,31,42,1,0
2,31,42,2,0
2,31,42,3,0
2,31,42,4,0
2,31,42,5,0
2,31,42,6,0
2,31,42,7,0
2,31,42,8,0
2,31,42,9,0
2,31,42,10,0
2,31,42,11,0
2,31,42,12,0
2,31,42,13,0
2,31,42,14,0
2,31,42,15,0
2,31,42,16,0
2,31,42,17,0
2,31,42,18,0
2,31,42,19,0
2,31,42,20,0
2,31,42,21,0
2,31,42,22,0
2,31,42,23,0
2,31,42,24,0
2,31,42,25,0
2,31,42,26,0
2,31,42,27,0
2,31,42,28,0
2,31,42,29,0
2,31,42,30,0
2,31,42,31,1669752016
2,31,42,32,38387381360
2,31,42,33,427636607380
2,31,42,34,3091567998280
2,31,42,35,16144456633488
2,31,42,36,63944104563888
2,31,42,37,196863049875524
2,31,42,38,476994384162408
2,31,42,39,915121272146856
2,31,42,40,1394610112584648
2,31,42,41,1692973688132808
2,31,42,42,1643792943110912
2,31,42,43,1284692221582488
2,31,42,44,815287175369760
2,31,42,45,424627220971798
2,31,42,46,183627553168528
2,31,42,47,66700530157808
2,31,42,48,20569420197928
2,31,42,49,5435548195928
2,31,42,50,1240100553080
2,31,42,51,245666441296
2,31,42,52,42413080224
2,31,42,53,6396972330
2,31,42,54,840727032
2,31,42,55,96697696
2,31,42,56,9501488
2,31,42,57,827962
2,31,42,58,55256
2,31,42,59,4084
2,31,42,60,80
2,31,42,61,11
2,31,42,62,0
2,31,42,63,0
2,31,42,64,0
2,31,42,65,0
2,31,42,66,0
2,31,42,67,0
2,31,42,68,0
2,31,42,69,0
2,31,42,70,0
2,31,42,71,0
2,31,42,72,0
2,31,42,73,0
2,31,42,74,0
2,31,42,75,0
2,31,42,76,0
2,31,42,77,0
2,31,42,78,0
2,31,42,79,0
2,31,42,80,0
2,31,42,81,0
2,31,42,82,0
2,31,42,83,0
2,31,42,84,0
2,31,42,85,0
2,31,42,86,0
2,31,42,87,0
2,31,42,88,0
2,31,42,89,0
2,31,42,90,0
2,31,42,91,0
2,31,43,0,0
2,31,43,1,0
2,31,43,2,0
2,31,43,3,0
2,31,43,4,0
2,31,43,5,0
2,31,43,6,0
2,31,43,7,0
2,31,43,8,0
2,31,43,9,0
2,31,43,10,0
2,31,43,11,0
2,31,43,12,0
2,31,43,13,0
2,31,43,14,0
2,31,43,15,0
2,31,43,16,0
2,31,43,17,0
2,31,43,18,0
2,31,43,19,0
2,31,43,20,0
2,31,43,21,0
2,31,43,22,0
2,31,43,23,0
2,31,43,24,0
2,31,43,25,0
2,31,43,26,0
2,31,43,27,0
2,31,43,28,0
2,31,43,29,0
2,31,43,30,0
2,31,43,31,0
2,31,43,32,0
2,31,43,33,0
2,31,43,34,4300978550
2,31,43,35,87269791280
2,31,43,36,854355584274
2,31,43,37,5377110373368
2,31,43,38,24155162195472
2,31,43,39,81223498936740
2,31,43,40,209391990443044
2,31,43,41,419050181021416
2,31,43,42,655595731346758
2,31,43,43,806009349773792
2,31,43,44,783325488584024
2,31,43,45,606594970137072
2,31,43,46,378190098245424
2,31,43,47,192174194634168
2,31,43,48,80637664645362
2,31,43,49,28301336400512
2,31,43,50,8405286476846
2,31,43,51,2133354963940
2,31,43,52,466397778658
2,31,43,53,88341232120
2,31,43,54,14546778292
2,31,43,55,2086485676
2,31,43,56,260348278
2,31,43,57,28113128
2,31,43,58,2628944
2,31,43,59,206612
2,31,43,60,13822
2,31,43,61,688
2,31,43,62,40
2,31,43,63,0
2,31,43,64,0
2,31,43,65,0
2,31,43,66,0
2,31,43,67,0
2,31,43,68,0
2,31,43,69,0
2,31,43,70,0
2,31,43,71,0
2,31,43,72,0
2,31,43,73,0
2,31,43,74,0
2,31,43,75,0
2,31,43,76,0
2,31,43,77,0
2,31,43,78,0
2,31,43,79,0
2,31,43,80,0
2,31,43,81,0
2,31,43,82,0
2,31,43,83,0
2,31,43,84,0
2,31,43,85,0
2,31,43,86,0
2,31,43,87,0
2,31,43,88,0
2,31,43,89,0
2,31,43,90,0
2,31,43,91,0
2,31,44,0,0
2,31,44,1,0
2,31,44,2,0
2,31,44,3,0
2,31,44,4,0
2,31,44,5,0
2,31,44,6,0
2,31,44,7,0
2,31,44,8,0
2,31,44,9,0
2,31,44,10,0
2,31,44,11,0
2,31,44,12,0
2,31,44,13,0
2,31,44,14,0
2,31,44,15,0
2,31,44,16,0
2,31,44,17,0
2,31,44,18,0
2,31,44,19,0
2,31,44,20,0
2,31,44,21,0
2,31,44,22,0
2,31,44,23,0
2,31,44,24,0
2,31,44,25,0
2,31,44,26,0
2,31,44,27,0
2,31,44,28,0
2,31,44,29,0
2,31,44,30,0
2,31,44,31,0
2,31,44,32,0
2,31,44,33,0
2,31,44,34,0
2,31,44,35,0
2,31,44,36,0
2,31,44,37,9060853280
2,31,44,38,161366909820
2,31,44,39,1377315375048
2,31,44,40,7476145881228
2,31,44,41,28591838466528
2,31,44,42,80716956921696
2,31,44,43,172246748481528
2,31,44,44,281527824655008
2,31,44,45,355559932909152
2,31,44,46,349894970138442
2,31,44,47,270968807743520
2,31,44,48,167182560988860
2,31,44,49,83349101416488
2,31,44,50,34081264764276
2,31,44,51,11594666808336
2,31,44,52,3324237174668
2,31,44,53,811787793272
2,31,44,54,170265660870
2,31,44,55,30849928696
2,31,44,56,4848928976
2,31,44,57,660182952
2,31,44,58,78317008
2,31,44,59,7903336
2,31,44,60,705468
2,31,44,61,48008
2,31,44,62,3629
2,31,44,63,72
2,31,44,64,10
2,31,44,65,0
2,31,44,66,0
2,31,44,67,0
2,31,44,68,0
2,31,44,69,0
2,31,44,70,0
2,31,44,71,0
2,31,44,72,0
2,31,44,73,0
2,31,44,74,0
2,31,44,75,0
2,31,44,76,0
2,31,44,77,0
2,31,44,78,0
2,31,44,79,0
2,31,44,80,0
2,31,44,81,0
2,31,44,82,0
2,31,44,83,0
2,31,44,84,0
2,31,44,85,0
2,31,44,86,0
2,31,44,87,0
2,31,44,88,0
2,31,44,89,0
2,31,44,90,0
2,31,44,91,0
2,31,45,0,0
2,31,45,1,0
2,31,45,2,0
2,31,45,3,0
2,31,45,4,0
2,31,45,5,0
2,31,45,6,0
2,31,45,7,0
2,31,45,8,0
2,31,45,9,0
2,31,45,10,0
2,31,45,11,0
2,31,45,12,0
2,31,45,13,0
2,31,45,14,0
2,31,45,15,0
2,31,45,16,0
2,31,45,17,0
2,31,45,18,0
2,31,45,19,0
2,31,45,20,0
2,31,45,21,0
2,31,45,22,0
2,31,45,23,0
2,31,45,24,0
2,31,45,25,0
2,31,45,26,0
2,31,45,27,0
2,31,45,28,0
2,31,45,29,0
2,31,45,30,0
2,31,45,31,0
2,31,45,32,0
2,31,45,33,0
2,31,45,34,0
2,31,45,35,0
2,31,45,36,0
2,31,45,37,0
2,31,45,38,0
2,31,45,39,0
2,31,45,40,15677993370
2,31,45,41,243386690832
2,31,45,42,1795103609202
2,31,45,43,8318218021572
2,31,45,44,26782757907482
2,31,45,45,62736874317472
2,31,45,46,109517389682352
2,31,45,47,144587089000512
2,31,45,48,146079989020278
2,31,45,49,114369973552600
2,31,45,50,70415371692356
2,31,45,51,34659518862832
2,31,45,52,13874323622162
2,31,45,53,4590812104944
2,31,45,54,1273647561918
2,31,45,55,299738145052
2,31,45,56,60379701220
2,31,45,57,10470005080
2,31,45,58,1569702974
2,31,45,59,203313172
2,31,45,60,22708424
2,31,45,61,2178864
2,31,45,62,176814
2,31,45,63,11932
2,31,45,64,618
2,31,45,65,36
2,31,45,66,0
2,31,45,67,0
2,31,45,68,0
2,31,45,69,0
2,31,45,70,0
2,31,45,71,0
2,31,45,72,0
2,31,45,73,0
2,31,45,74,0
2,31,45,75,0
2,31,45,76,0
2,31,45,77,0
2,31,45,78,0
2,31,45,79,0
2,31,45,80,0
2,31,45,81,0
2,31,45,82,0
2,31,45,83,0
2,31,45,84,0
2,31,45,85,0
2,31,45,86,0
2,31,45,87,0
2,31,45,88,0
2,31,45,89,0
2,31,45,90,0
2,31,45,91,0
2,31,46,0,0
2,31,46,1,0
2,31,46,2,0
2,31,46,3,0
2,31,46,4,0
2,31,46,5,0
2,31,46,6,0
2,31,46,7,0
2,31,46,8,0
2,31,46,9,0
2,31,46,10,0
2,31,46,11,0
2,31,46,12,0
2,31,46,13,0
2,31,46,14,0
2,31,46,15,0
2,31,46,16,0
2,31,46,17,0
2,31,46,18,0
2,31,46,19,0
2,31,46,20,0
2,31,46,21,0
2,31,46,22,0
2,31,46,23,0
2,31,46,24,0
2,31,46,25,0
2,31,46,26,0
2,31,46,27,0
2,31,46,28,0
2,31,46,29,0
2,31,46,30,0
2,31,46,31,0
2,31,46,32,0
2,31,46,33,0
2,31,46,34,0
2,31,46,35,0
2,31,46,36,0
2,31,46,37,0
2,31,46,38,0
2,31,46,39,0
2,31,46,40,0
2,31,46,41,0
2,31,46,42,0
2,31,46,43,22345512000
2,31,46,44,299971709160
2,31,46,45,1893146574876
2,31,46,46,7406777988960
2,31,46,47,19840322659200
2,31,46,48,38089756306200
2,31,46,49,53744327899284
2,31,46,50,56714001180456
2,31,46,51,45486663544650
2,31,46,52,28224198312200
2,31,46,53,13815599742464
2,31,46,54,5442231357992
2,31,46,55,1757752875516
2,31,46,56,473066676912
2,31,46,57,107467796372
2,31,46,58,20804896552
2,31,46,59,3456729178
2,31,46,60,493221536
2,31,46,61,60912604
2,31,46,62,6364024
2,31,46,63,585524
2,31,46,64,40856
2,31,46,65,3176
2,31,46,66,64
2,31,46,67,9
2,31,46,68,0
2,31,46,69,0
2,31,46,70,0
2,31,46,71,0
2,31,46,72,0
2,31,46,73,0
2,31,46,74,0
2,31,46,75,0
2,31,46,76,0
2,31,46,77,0
2,31,46,78,0
2,31,46,79,0
2,31,46,80,0
2,31,46,81,0
2,31,46,82,0
2,31,46,83,0
2,31,46,84,0
2,31,46,85,0
2,31,46,86,0
2,31,46,87,0
2,31,46,88,0
2,31,46,89,0
2,31,46,90,0
2,31,46,91,0
2,31,47,0,0
2,31,47,1,0
2,31,47,2,0
2,31,47,3,0
2,31,47,4,0
2,31,47,5,0
2,31,47,6,0
2,31,47,7,0
2,31,47,8,0
2,31,47,9,0
2,31,47,10,0
2,31,47,11,0
2,31,47,12,0
2,31,47,13,0
2,31,47,14,0
2,31,47,15,0
2,31,47,16,0
2,31,47,17,0
2,31,47,18,0
2,31,47,19,0
2,31,47,20,0
2,31,47,21,0
2,31,47,22,0
2,31,47,23,0
2,31,47,24,0
2,31,47,25,0
2,31,47,26,0
2,31,47,27,0
2,31,47,28,0
2,31,47,29,0
2,31,47,30,0
2,31,47,31,0
2,31,47,32,0
2,31,47,33,0
2,31,47,34,0
2,31,47,35,0
2,31,47,36,0
2,31,47,37,0
2,31,47,38,0
2,31,47,39,0
2,31,47,40,0
2,31,47,41,0
2,31,47,42,0
2,31,47,43,0
2,31,47,44,0
2,31,47,45,0
2,31,47,46,26283115038
2,31,47,47,302365340160
2,31,47,48,1615456594530
2,31,47,49,5273215003680
2,31,47,50,11602949794692
2,31,47,51,18022221066492
2,31,47,52,20308110222804
2,31,47,53,16965416043552
2,31,47,54,10739592970128
2,31,47,55,5273506624880
2,31,47,56,2056538449888
2,31,47,57,651010096632
2,31,47,58,170401043870
2,31,47,59,37434367496
2,31,47,60,6969568896
2,31,47,61,1109159968
2,31,47,62,150934246
2,31,47,63,17617656
2,31,47,64,1746986
2,31,47,65,147672
2,31,47,66,10074
2,31,47,67,548
2,31,47,68,32
2,31,47,69,0
2,31,47,70,0
2,31,47,71,0
2,31,47,72,0
2,31,47,73,0
2,31,47,74,0
2,31,47,75,0
2,31,47,76,0
2,31,47,77,0
2,31,47,78,0
2,31,47,79,0
2,31,47,80,0
2,31,47,81,0
2,31,47,82,0
2,31,47,83,0
2,31,47,84,0
2,31,47,85,0
2,31,47,86,0
2,31,47,87,0
2,31,47,88,0
2,31,47,89,0
2,31,47,90,0
2,31,47,91,0
2,31,48,0,0
2,31,48,1,0
2,31,48,2,0
2,31,48,3,0
2,31,48,4,0
2,31,48,5,0
2,31,48,6,0
2,31,48,7,0
2,31,48,8,0
2,31,48,9,0
2,31,48,10,0
2,31,48,11,0
2,31,48,12,0
2,31,48,13,0
2,31,48,14,0
2,31,48,15,0
2,31,48,16,0
2,31,48,17,0
2,31,48,18,0
2,31,48,19,0
2,31,48,20,0
2,31,48,21,0
2,31,48,22,0
2,31,48,23,0
2,31,48,24,0
2,31,48,25,0
2,31,48,26,0
2,31,48,27,0
2,31,48,28,0
2,31,48,29,0
2,31,48,30,0
2,31,48,31,0
2,31,48,32,0
2,31,48,33,0
2,31,48,34,0
2,31,48,35,0
2,31,48,36,0
2,31,48,37,0
2,31,48,38,0
2,31,48,39,0
2,31,48,40,0
2,31,48,41,0
2,31,48,42,0
2,31,48,43,0
2,31,48,44,0
2,31,48,45,0
2,31,48,46,0
2,31,48,47,0
2,31,48,48,0
2,31,48,49,25537728000
2,31,48,50,249261577380
2,31,48,51,1114299107856
2,31,48,52,2995747757172
2,31,48,53,5341039298208
2,31,48,54,6621494203704
2,31,48,55,5888741522552
2,31,48,56,3863075634485
2,31,48,57,1923657330408
2,31,48,58,748059116400
2,31,48,59,233193168616
2,31,48,60,59543737820
2,31,48,61,12665866024
2,31,48,62,2272370184
2,31,48,63,345509144
2,31,48,64,44994314
2,31,48,65,4920680
2,31,48,66,470340
2,31,48,67,33896
2,31,48,68,2728
2,31,48,69,56
2,31,48,70,8
2,31,48,71,0
2,31,48,72,0
2,31,48,73,0
2,31,48,74,0
2,31,48,75,0
2,31,48,76,0
2,31,48,77,0
2,31,48,78,0
2,31,48,79,0
2,31,48,80,0
2,31,48,81,0
2,31,48,82,0
2,31,48,83,0
2,31,48,84,0
2,31,48,85,0
2,31,48,86,0
2,31,48,87,0
2,31,48,88,0
2,31,48,89,0
2,31,48,90,0
2,31,48,91,0
2,31,49,0,0
2,31,49,1,0
2,31,49,2,0
2,31,49,3,0
2,31,49,4,0
2,31,49,5,0
2,31,49,6,0
2,31,49,7,0
2,31,49,8,0
2,31,49,9,0
2,31,49,10,0
2,31,49,11,0
2,31,49,12,0
2,31,49,13,0
2,31,49,14,0
2,31,49,15,0
2,31,49,16,0
2,31,49,17,0
2,31,49,18,0
2,31,49,19,0
2,31,49,20,0
2,31,49,21,0
2,31,49,22,0
2,31,49,23,0
2,31,49,24,0
2,31,49,25,0
2,31,49,26,0
2,31,49,27,0
2,31,49,28,0
2,31,49,29,0
2,31,49,30,0
2,31,49,31,0
2,31,49,32,0
2,31,49,33,0
2,31,49,34,0
2,31,49,35,0
2,31,49,36,0
2,31,49,37,0
2,31,49,38,0
2,31,49,39,0
2,31,49,40,0
2,31,49,41,0
2,31,49,42,0
2,31,49,43,0
2,31,49,44,0
2,31,49,45,0
2,31,49,46,0
2,31,49,47,0
2,31,49,48,0
2,31,49,49,0
2,31,49,50,0
2,31,49,51,0
2,31,49,52,20501991330
2,31,49,53,167913085920
2,31,49,54,620057407042
2,31,49,55,1353588682412
2,31,49,56,1926457290302
2,31,49,57,1879423582088
2,31,49,58,1304684647312
2,31,49,59,668216339560
2,31,49,60,261525375662
2,31,49,61,80725244832
2,31,49,62,20184580956
2,31,49,63,4163519136
2,31,49,64,720231096
2,31,49,65,104819928
2,31,49,66,12974148
2,31,49,67,1342736
2,31,49,68,119612
2,31,49,69,8272
2,31,49,70,478
2,31,49,71,28
2,31,49,72,0
2,31,49,73,0
2,31,49,74,0
2,31,49,75,0
2,31,49,76,0
2,31,49,77,0
2,31,49,78,0
2,31,49,79,0
2,31,49,80,0
2,31,49,81,0
2,31,49,82,0
2,31,49,83,0
2,31,49,84,0
2,31,49,85,0
2,31,49,86,0
2,31,49,87,0
2,31,49,88,0
2,31,49,89,0
2,31,49,90,0
2,31,49,91,0
2,31,50,0,0
2,31,50,1,0
2,31,50,2,0
2,31,50,3,0
2,31,50,4,0
2,31,50,5,0
2,31,50,6,0
2,31,50,7,0
2,31,50,8,0
2,31,50,9,0
2,31,50,10,0
2,31,50,11,0
2,31,50,12,0
2,31,50,13,0
2,31,50,14,0
2,31,50,15,0
2,31,50,16,0
2,31,50,17,0
2,31,50,18,0
2,31,50,19,0
2,31,50,20,0
2,31,50,21,0
2,31,50,22,0
2,31,50,23,0
2,31,50,24,0
2,31,50,25,0
2,31,50,26,0
2,31,50,27,0
2,31,50,28,0
2,31,50,29,0
2,31,50,30,0
2,31,50,31,0
2,31,50,32,0
2,31,50,33,0
2,31,50,34,0
2,31,50,35,0
2,31,50,36,0
2,31,50,37,0
2,31,50,38,0
2,31,50,39,0
2,31,50,40,0
2,31,50,41,0
2,31,50,42,0
2,31,50,43,0
2,31,50,44,0
2,31,50,45,0
2,31,50,46,0
2,31,50,47,0
2,31,50,48,0
2,31,50,49,0
2,31,50,50,0
2,31,50,51,0
2,31,50,52,0
2,31,50,53,0
2,31,50,54,0
2,31,50,55,13591279920
2,31,50,56,92264674208
2,31,50,57,277430575908
2,31,50,58,484005035128
2,31,50,59,540943512368
2,31,50,60,409319430624
2,31,50,61,219768361480
2,31,50,62,87632232520
2,31,50,63,26980530288
2,31,50,64,6629899064
2,31,50,65,1331080858
2,31,50,66,221505144
2,31,50,67,31006424
2,31,50,68,3607552
2,31,50,69,362088
2,31,50,70,27224
2,31,50,71,2288
2,31,50,72,48
2,31,50,73,7
2,31,50,74,0
2,31,50,75,0
2,31,50,76,0
2,31,50,77,0
2,31,50,78,0
2,31,50,79,0
2,31,50,80,0
2,31,50,81,0
2,31,50,82,0
2,31,50,83,0
2,31,50,84,0
2,31,50,85,0
2,31,50,86,0
2,31,50,87,0
2,31,50,88,0
2,31,50,89,0
2,31,50,90,0
2,31,50,91,0
2,31,51,0,0
2,31,51,1,0
2,31,51,2,0
2,31,51,3,0
2,31,51,4,0
2,31,51,5,0
2,31,51,6,0
2,31,51,7,0
2,31,51,8,0
2,31,51,9,0
2,31,51,10,0
2,31,51,11,0
2,31,51,12,0
2,31,51,13,0
2,31,51,14,0
2,31,51,15,0
2,31,51,16,0
2,31,51,17,0
2,31,51,18,0
2,31,51,19,0
2,31,51,20,0
2,31,51,21,0
2,31,51,22,0
2,31,51,23,0
2,31,51,24,0
2,31,51,25,0
2,31,51,26,0
2,31,51,27,0
2,31,51,28,0
2,31,51,29,0
2,31,51,30,0
2,31,51,31,0
2,31,51,32,0
2,31,51,33,0
2,31,51,34,0
2,31,51,35,0
2,31,51,36,0
2,31,51,37,0
2,31,51,38,0
2,31,51,39,0
2,31,51,40,0
2,31,51,41,0
2,31,51,42,0
2,31,51,43,0
2,31,51,44,0
2,31,51,45,0
2,31,51,46,0
2,31,51,47,0
2,31,51,48,0
2,31,51,49,0
2,31,51,50,0
2,31,51,51,0
2,31,51,52,0
2,31,51,53,0
2,31,51,54,0
2,31,51,55,0
2,31,51,56,0
2,31,51,57,0
2,31,51,58,7428962950
2,31,51,59,41229629200
2,31,51,60,99312655922
2,31,51,61,135969854856
2,31,51,62,117199735416
2,31,51,63,67835374612
2,31,51,64,28005749084
2,31,51,65,8691898088
2,31,51,66,2107980484
2,31,51,67,413260344
2,31,51,68,66251490
2,31,51,69,8895592
2,31,51,70,975012
2,31,51,71,93060
2,31,51,72,6550
2,31,51,73,408
2,31,51,74,24
2,31,51,75,0
2,31,51,76,0
2,31,51,77,0
2,31,51,78,0
2,31,51,79,0
2,31,51,80,0
2,31,51,81,0
2,31,51,82,0
2,31,51,83,0
2,31,51,84,0
2,31,51,85,0
2,31,51,86,0
2,31,51,87,0
2,31,51,88,0
2,31,51,89,0
2,31,51,90,0
2,31,51,91,0
2,31,52,0,0
2,31,52,1,0
2,31,52,2,0
2,31,52,3,0
2,31,52,4,0
2,31,52,5,0
2,31,52,6,0
2,31,52,7,0
2,31,52,8,0
2,31,52,9,0
2,31,52,10,0
2,31,52,11,0
2,31,52,12,0
2,31,52,13,0
2,31,52,14,0
2,31,52,15,0
2,31,52,16,0
2,31,52,17,0
2,31,52,18,0
2,31,52,19,0
2,31,52,20,0
2,31,52,21,0
2,31,52,22,0
2,31,52,23,0
2,31,52,24,0
2,31,52,25,0
2,31,52,26,0
2,31,52,27,0
2,31,52,28,0
2,31,52,29,0
2,31,52,30,0
2,31,52,31,0
2,31,52,32,0
2,31,52,33,0
2,31,52,34,0
2,31,52,35,0
2,31,52,36,0
2,31,52,37,0
2,31,52,38,0
2,31,52,39,0
2,31,52,40,0
2,31,52,41,0
2,31,52,42,0
2,31,52,43,0
2,31,52,44,0
2,31,52,45,0
2,31,52,46,0
2,31,52,47,0
2,31,52,48,0
2,31,52,49,0
2,31,52,50,0
2,31,52,51,0
2,31,52,52,0
2,31,52,53,0
2,31,52,54,0
2,31,52,55,0
2,31,52,56,0
2,31,52,57,0
2,31,52,58,0
2,31,52,59,0
2,31,52,60,0
2,31,52,61,3339504032
2,31,52,62,14915668556
2,31,52,63,28237559640
2,31,52,64,29702702748
2,31,52,65,19363653984
2,31,52,66,8477513850
2,31,52,67,2687227672
2,31,52,68,648827044
2,31,52,69,124223088
2,31,52,70,19312096
2,31,52,71,2455288
2,31,52,72,262892
2,31,52,73,20936
2,31,52,74,1859
2,31,52,75,40
2,31,52,76,6
2,31,52,77,0
2,31,52,78,0
2,31,52,79,0
2,31,52,80,0
2,31,52,81,0
2,31,52,82,0
2,31,52,83,0
2,31,52,84,0
2,31,52,85,0
2,31,52,86,0
2,31,52,87,0
2,31,52,88,0
2,31,52,89,0
2,31,52,90,0
2,31,52,91,0
2,31,53,0,0
2,31,53,1,0
2,31,53,2,0
2,31,53,3,0
2,31,53,4,0
2,31,53,5,0
2,31,53,6,0
2,31,53,7,0
2,31,53,8,0
2,31,53,9,0
2,31,53,10,0
2,31,53,11,0
2,31,53,12,0
2,31,53,13,0
2,31,53,14,0
2,31,53,15,0
2,31,53,16,0
2,31,53,17,0
2,31,53,18,0
2,31,53,19,0
2,31,53,20,0
2,31,53,21,0
2,31,53,22,0
2,31,53,23,0
2,31,53,24,0
2,31,53,25,0
2,31,53,26,0
2,31,53,27,0
2,31,53,28,0
2,31,53,29,0
2,31,53,30,0
2,31,53,31,0
2,31,53,32,0
2,31,53,33,0
2,31,53,34,0
2,31,53,35,0
2,31,53,36,0
2,31,53,37,0
2,31,53,38,0
2,31,53,39,0
2,31,53,40,0
2,31,53,41,0
2,31,53,42,0
2,31,53,43,0
2,31,53,44,0
2,31,53,45,0
2,31,53,46,0
2,31,53,47,0
2,31,53,48,0
2,31,53,49,0
2,31,53,50,0
2,31,53,51,0
2,31,53,52,0
2,31,53,53,0
2,31,53,54,0
2,31,53,55,0
2,31,53,56,0
2,31,53,57,0
2,31,53,58,0
2,31,53,59,0
2,31,53,60,0
2,31,53,61,0
2,31,53,62,0
2,31,53,63,0
2,31,53,64,1229718378
2,31,53,65,4339947632
2,31,53,66,6310933266
2,31,53,67,4973671380
2,31,53,68,2404795746
2,31,53,69,792357480
2,31,53,70,192841244
2,31,53,71,36119720
2,31,53,72,5480628
2,31,53,73,652064
2,31,53,74,68442
2,31,53,75,4932
2,31,53,76,338
2,31,53,77,20
2,31,53,78,0
2,31,53,79,0
2,31,53,80,0
2,31,53,81,0
2,31,53,82,0
2,31,53,83,0
2,31,53,84,0
2,31,53,85,0
2,31,53,86,0
2,31,53,87,0
2,31,53,88,0
2,31,53,89,0
2,31,53,90,0
2,31,53,91,0
2,31,54,0,0
2,31,54,1,0
2,31,54,2,0
2,31,54,3,0
2,31,54,4,0
2,31,54,5,0
2,31,54,6,0
2,31,54,7,0
2,31,54,8,0
2,31,54,9,0
2,31,54,10,0
2,31,54,11,0
2,31,54,12,0
2,31,54,13,0
2,31,54,14,0
2,31,54,15,0
2,31,54,16,0
2,31,54,17,0
2,31,54,18,0
2,31,54,19,0
2,31,54,20,0
2,31,54,21,0
2,31,54,22,0
2,31,54,23,0
2,31,54,24,0
2,31,54,25,0
2,31,54,26,0
2,31,54,27,0
2,31,54,28,0
2,31,54,29,0
2,31,54,30,0
2,31,54,31,0
2,31,54,32,0
2,31,54,33,0
2,31,54,34,0
2,31,54,35,0
2,31,54,36,0
2,31,54,37,0
2,31,54,38,0
2,31,54,39,0
2,31,54,40,0
2,31,54,41,0
2,31,54,42,0
2,31,54,43,0
2,31,54,44,0
2,31,54,45,0
2,31,54,46,0
2,31,54,47,0
2,31,54,48,0
2,31,54,49,0
2,31,54,50,0
2,31,54,51,0
2,31,54,52,0
2,31,54,53,0
2,31,54,54,0
2,31,54,55,0
2,31,54,56,0
2,31,54,57,0
2,31,54,58,0
2,31,54,59,0
2,31,54,60,0
2,31,54,61,0
2,31,54,62,0
2,31,54,63,0
2,31,54,64,0
2,31,54,65,0
2,31,54,66,0
2,31,54,67,368804128
2,31,54,68,1006167320
2,31,54,69,1092241324
2,31,54,70,625937168
2,31,54,71,221060998
2,31,54,72,55027928
2,31,54,73,10178036
2,31,54,74,1490216
2,31,54,75,174818
2,31,54,76,15128
2,31,54,77,1444
2,31,54,78,32
2,31,54,79,5
2,31,54,80,0
2,31,54,81,0
2,31,54,82,0
2,31,54,83,0
2,31,54,84,0
2,31,54,85,0
2,31,54,86,0
2,31,54,87,0
2,31,54,88,0
2,31,54,89,0
2,31,54,90,0
2,31,54,91,0
2,31,55,0,0
2,31,55,1,0
2,31,55,2,0
2,31,55,3,0
2,31,55,4,0
2,31,55,5,0
2,31,55,6,0
2,31,55,7,0
2,31,55,8,0
2,31,55,9,0
2,31,55,10,0
2,31,55,11,0
2,31,55,12,0
2,31,55,13,0
2,31,55,14,0
2,31,55,15,0
2,31,55,16,0
2,31,55,17,0
2,31,55,18,0
2,31,55,19,0
2,31,55,20,0
2,31,55,21,0
2,31,55,22,0
2,31,55,23,0
2,31,55,24,0
2,31,55,25,0
2,31,55,26,0
2,31,55,27,0
2,31,55,28,0
2,31,55,29,0
2,31,55,30,0
2,31,55,31,0
2,31,55,32,0
2,31,55,33,0
2,31,55,34,0
2,31,55,35,0
2,31,55,36,0
2,31,55,37,0
2,31,55,38,0
2,31,55,39,0
2,31,55,40,0
2,31,55,41,0
2,31,55,42,0
2,31,55,43,0
2,31,55,44,0
2,31,55,45,0
2,31,55,46,0
2,31,55,47,0
2,31,55,48,0
2,31,55,49,0
2,31,55,50,0
2,31,55,51,0
2,31,55,52,0
2,31,55,53,0
2,31,55,54,0
2,31,55,55,0
2,31,55,56,0
2,31,55,57,0
2,31,55,58,0
2,31,55,59,0
2,31,55,60,0
2,31,55,61,0
2,31,55,62,0
2,31,55,63,0
2,31,55,64,0
2,31,55,65,0
2,31,55,66,0
2,31,55,67,0
2,31,55,68,0
2,31,55,69,0
2,31,55,70,89347502
2,31,55,71,183411296
2,31,55,72,143256706
2,31,55,73,57670192
2,31,55,74,14873704
2,31,55,75,2805468
2,31,55,76,381374
2,31,55,77,46184
2,31,55,78,3442
2,31,55,79,268
2,31,55,80,16
2,31,55,81,0
2,31,55,82,0
2,31,55,83,0
2,31,55,84,0
2,31,55,85,0
2,31,55,86,0
2,31,55,87,0
2,31,55,88,0
2,31,55,89,0
2,31,55,90,0
2,31,55,91,0
2,31,56,0,0
2,31,56,1,0
2,31,56,2,0
2,31,56,3,0
2,31,56,4,0
2,31,56,5,0
2,31,56,6,0
2,31,56,7,0
2,31,56,8,0
2,31,56,9,0
2,31,56,10,0
2,31,56,11,0
2,31,56,12,0
2,31,56,13,0
2,31,56,14,0
2,31,56,15,0
2,31,56,16,0
2,31,56,17,0
2,31,56,18,0
2,31,56,19,0
2,31,56,20,0
2,31,56,21,0
2,31,56,22,0
2,31,56,23,0
2,31,56,24,0
2,31,56,25,0
2,31,56,26,0
2,31,56,27,0
2,31,56,28,0
2,31,56,29,0
2,31,56,30,0
2,31,56,31,0
2,31,56,32,0
2,31,56,33,0
2,31,56,34,0
2,31,56,35,0
2,31,56,36,0
2,31,56,37,0
2,31,56,38,0
2,31,56,39,0
2,31,56,40,0
2,31,56,41,0
2,31,56,42,0
2,31,56,43,0
2,31,56,44,0
2,31,56,45,0
2,31,56,46,0
2,31,56,47,0
2,31,56,48,0
2,31,56,49,0
2,31,56,50,0
2,31,56,51,0
2,31,56,52,0
2,31,56,53,0
2,31,56,54,0
2,31,56,55,0
2,31,56,56,0
2,31,56,57,0
2,31,56,58,0
2,31,56,59,0
2,31,56,60,0
2,31,56,61,0
2,31,56,62,0
2,31,56,63,0
2,31,56,64,0
2,31,56,65,0
2,31,56,66,0
2,31,56,67,0
2,31,56,68,0
2,31,56,69,0
2,31,56,70,0
2,31,56,71,0
2,31,56,72,0
2,31,56,73,17282432
2,31,56,74,25791476
2,31,56,75,13789344
2,31,56,76,3766769
2,31,56,77,733664
2,31,56,78,99864
2,31,56,79,9896
2,31,56,80,1046
2,31,56,81,24
2,31,56,82,4
2,31,56,83,0
2,31,56,84,0
2,31,56,85,0
2,31,56,86,0
2,31,56,87,0
2,31,56,88,0
2,31,56,89,0
2,31,56,90,0
2,31,56,91,0
2,31,57,0,0
2,31,57,1,0
2,31,57,2,0
2,31,57,3,0
2,31,57,4,0
2,31,57,5,0
2,31,57,6,0
2,31,57,7,0
2,31,57,8,0
2,31,57,9,0
2,31,57,10,0
2,31,57,11,0
2,31,57,12,0
2,31,57,13,0
2,31,57,14,0
2,31,57,15,0
2,31,57,16,0
2,31,57,17,0
2,31,57,18,0
2,31,57,19,0
2,31,57,20,0
2,31,57,21,0
2,31,57,22,0
2,31,57,23,0
2,31,57,24,0
2,31,57,25,0
2,31,57,26,0
2,31,57,27,0
2,31,57,28,0
2,31,57,29,0
2,31,57,30,0
2,31,57,31,0
2,31,57,32,0
2,31,57,33,0
2,31,57,34,0
2,31,57,35,0
2,31,57,36,0
2,31,57,37,0
2,31,57,38,0
2,31,57,39,0
2,31,57,40,0
2,31,57,41,0
2,31,57,42,0
2,31,57,43,0
2,31,57,44,0
2,31,57,45,0
2,31,57,46,0
2,31,57,47,0
2,31,57,48,0
2,31,57,49,0
2,31,57,50,0
2,31,57,51,0
2,31,57,52,0
2,31,57,53,0
2,31,57,54,0
2,31,57,55,0
2,31,57,56,0
2,31,57,57,0
2,31,57,58,0
2,31,57,59,0
2,31,57,60,0
2,31,57,61,0
2,31,57,62,0
2,31,57,63,0
2,31,57,64,0
2,31,57,65,0
2,31,57,66,0
2,31,57,67,0
2,31,57,68,0
2,31,57,69,0
2,31,57,70,0
2,31,57,71,0
2,31,57,72,0
2,31,57,73,0
2,31,57,74,0
2,31,57,75,0
2,31,57,76,2625010
2,31,57,77,2720704
2,31,57,78,926690
2,31,57,79,169572
2,31,57,80,26712
2,31,57,81,2104
2,31,57,82,198
2,31,57,83,12
2,31,57,84,0
2,31,57,85,0
2,31,57,86,0
2,31,57,87,0
2,31,57,88,0
2,31,57,89,0
2,31,57,90,0
2,31,57,91,0
2,31,58,0,0
2,31,58,1,0
2,31,58,2,0
2,31,58,3,0
2,31,58,4,0
2,31,58,5,0
2,31,58,6,0
2,31,58,7,0
2,31,58,8,0
2,31,58,9,0
2,31,58,10,0
2,31,58,11,0
2,31,58,12,0
2,31,58,13,0
2,31,58,14,0
2,31,58,15,0
2,31,58,16,0
2,31,58,17,0
2,31,58,18,0
2,31,58,19,0
2,31,58,20,0
2,31,58,21,0
2,31,58,22,0
2,31,58,23,0
2,31,58,24,0
2,31,58,25,0
2,31,58,26,0
2,31,58,27,0
2,31,58,28,0
2,31,58,29,0
2,31,58,30,0
2,31,58,31,0
2,31,58,32,0
2,31,58,33,0
2,31,58,34,0
2,31,58,35,0
2,31,58,36,0
2,31,58,37,0
2,31,58,38,0
2,31,58,39,0
2,31,58,40,0
2,31,58,41,0
2,31,58,42,0
2,31,58,43,0
2,31,58,44,0
2,31,58,45,0
2,31,58,46,0
2,31,58,47,0
2,31,58,48,0
2,31,58,49,0
2,31,58,50,0
2,31,58,51,0
2,31,58,52,0
2,31,58,53,0
2,31,58,54,0
2,31,58,55,0
2,31,58,56,0
2,31,58,57,0
2,31,58,58,0
2,31,58,59,0
2,31,58,60,0
2,31,58,61,0
2,31,58,62,0
2,31,58,63,0
2,31,58,64,0
2,31,58,65,0
2,31,58,66,0
2,31,58,67,0
2,31,58,68,0
2,31,58,69,0
2,31,58,70,0
2,31,58,71,0
2,31,58,72,0
2,31,58,73,0
2,31,58,74,0
2,31,58,75,0
2,31,58,76,0
2,31,58,77,0
2,31,58,78,0
2,31,58,79,305552
2,31,58,80,206288
2,31,58,81,39982
2,31,58,82,5336
2,31,58,83,668
2,31,58,84,16
2,31,58,85,3
2,31,58,86,0
2,31,58,87,0
2,31,58,88,0
2,31,58,89,0
2,31,58,90,0
2,31,58,91,0
2,31,59,0,0
2,31,59,1,0
2,31,59,2,0
2,31,59,3,0
2,31,59,4,0
2,31,59,5,0
2,31,59,6,0
2,31,59,7,0
2,31,59,8,0
2,31,59,9,0
2,31,59,10,0
2,31,59,11,0
2,31,59,12,0
2,31,59,13,0
2,31,59,14,0
2,31,59,15,0
2,31,59,16,0
2,31,59,17,0
2,31,59,18,0
2,31,59,19,0
2,31,59,20,0
2,31,59,21,0
2,31,59,22,0
2,31,59,23,0
2,31,59,24,0
2,31,59,25,0
2,31,59,26,0
2,31,59,27,0
2,31,59,28,0
2,31,59,29,0
2,31,59,30,0
2,31,59,31,0
2,31,59,32,0
2,31,59,33,0
2,31,59,34,0
2,31,59,35,0
2,31,59,36,0
2,31,59,37,0
2,31,59,38,0
2,31,59,39,0
2,31,59,40,0
2,31,59,41,0
2,31,59,42,0
2,31,59,43,0
2,31,59,44,0
2,31,59,45,0
2,31,59,46,0
2,31,59,47,0
2,31,59,48,0
2,31,59,49,0
2,31,59,50,0
2,31,59,51,0
2,31,59,52,0
2,31,59,53,0
2,31,59,54,0
2,31,59,55,0
2,31,59,56,0
2,31,59,57,0
2,31,59,58,0
2,31,59,59,0
2,31,59,60,0
2,31,59,61,0
2,31,59,62,0
2,31,59,63,0
2,31,59,64,0
2,31,59,65,0
2,31,59,66,0
2,31,59,67,0
2,31,59,68,0
2,31,59,69,0
2,31,59,70,0
2,31,59,71,0
2,31,59,72,0
2,31,59,73,0
2,31,59,74,0
2,31,59,75,0
2,31,59,76,0
2,31,59,77,0
2,31,59,78,0
2,31,59,79,0
2,31,59,80,0
2,31,59,81,0
2,31,59,82,26262
2,31,59,83,10480
2,31,59,84,942
2,31,59,85,128
2,31,59,86,8
2,31,59,87,0
2,31,59,88,0
2,31,59,89,0
2,31,59,90,0
2,31,59,91,0
2,31,60,0,0
2,31,60,1,0
2,31,60,2,0
2,31,60,3,0
2,31,60,4,0
2,31,60,5,0
2,31,60,6,0
2,31,60,7,0
2,31,60,8,0
2,31,60,9,0
2,31,60,10,0
2,31,60,11,0
2,31,60,12,0
2,31,60,13,0
2,31,60,14,0
2,31,60,15,0
2,31,60,16,0
2,31,60,17,0
2,31,60,18,0
2,31,60,19,0
2,31,60,20,0
2,31,60,21,0
2,31,60,22,0
2,31,60,23,0
2,31,60,24,0
2,31,60,25,0
2,31,60,26,0
2,31,60,27,0
2,31,60,28,0
2,31,60,29,0
2,31,60,30,0
2,31,60,31,0
2,31,60,32,0
2,31,60,33,0
2,31,60,34,0
2,31,60,35,0
2,31,60,36,0
2,31,60,37,0
2,31,60,38,0
2,31,60,39,0
2,31,60,40,0
2,31,60,41,0
2,31,60,42,0
2,31,60,43,0
2,31,60,44,0
2,31,60,45,0
2,31,60,46,0
2,31,60,47,0
2,31,60,48,0
2,31,60,49,0
2,31,60,50,0
2,31,60,51,0
2,31,60,52,0
2,31,60,53,0
2,31,60,54,0
2,31,60,55,0
2,31,60,56,0
2,31,60,57,0
2,31,60,58,0
2,31,60,59,0
2,31,60,60,0
2,31,60,61,0
2,31,60,62,0
2,31,60,63,0
2,31,60,64,0
2,31,60,65,0
2,31,60,66,0
2,31,60,67,0
2,31,60,68,0
2,31,60,69,0
2,31,60,70,0
2,31,60,71,0
2,31,60,72,0
2,31,60,73,0
2,31,60,74,0
2,31,60,75,0
2,31,60,76,0
2,31,60,77,0
2,31,60,78,0
2,31,60,79,0
2,31,60,80,0
2,31,60,81,0
2,31,60,82,0
2,31,60,83,0
2,31,60,84,0
2,31,60,85,1568
2,31,60,86,313
2,31,60,87,8
2,31,60,88,2
2,31,60,89,0
2,31,60,90,0
2,31,60,91,0
2,31,61,0,0
2,31,61,1,0
2,31,61,2,0
2,31,61,3,0
2,31,61,4,0
2,31,61,5,0
2,31,61,6,0
2,31,61,7,0
2,31,61,8,0
2,31,61,9,0
2,31,61,10,0
2,31,61,11,0
2,31,61,12,0
2,31,61,13,0
2,31,61,14,0
2,31,61,15,0
2,31,61,16,0
2,31,61,17,0
2,31,61,18,0
2,31,61,19,0
2,31,61,20,0
2,31,61,21,0
2,31,61,22,0
2,31,61,23,0
2,31,61,24,0
2,31,61,25,0
2,31,61,26,0
2,31,61,27,0
2,31,61,28,0
2,31,61,29,0
2,31,61,30,0
2,31,61,31,0
2,31,61,32,0
2,31,61,33,0
2,31,61,34,0
2,31,61,35,0
2,31,61,36,0
2,31,61,37,0
2,31,61,38,0
2,31,61,39,0
2,31,61,40,0
2,31,61,41,0
2,31,61,42,0
2,31,61,43,0
2,31,61,44,0
2,31,61,45,0
2,31,61,46,0
2,31,61,47,0
2,31,61,48,0
2,31,61,49,0
2,31,61,50,0
2,31,61,51,0
2,31,61,52,0
2,31,61,53,0
2,31,61,54,0
2,31,61,55,0
2,31,61,56,0
2,31,61,57,0
2,31,61,58,0
2,31,61,59,0
2,31,61,60,0
2,31,61,61,0
2,31,61,62,0
2,31,61,63,0
2,31,61,64,0
2,31,61,65,0
2,31,61,66,0
2,31,61,67,0
2,31,61,68,0
2,31,61,69,0
2,31,61,70,0
2,31,61,71,0
2,31,61,72,0
2,31,61,73,0
2,31,61,74,0
2,31,61,75,0
2,31,61,76,0
2,31,61,77,0
2,31,61,78,0
2,31,61,79,0
2,31,61,80,0
2,31,61,81,0
2,31,61,82,0
2,31,61,83,0
2,31,61,84,0
2,31,61,85,0
2,31,61,86,0
2,31,61,87,0
2,31,61,88,58
2,31,61,89,4
2,31,61,90,0
2,31,61,91,0
2,31,62,0,0
2,31,62,1,0
2,31,62,2,0
2,31,62,3,0
2,31,62,4,0
2,31,62,5,0
2,31,62,6,0
2,31,62,7,0
2,31,62,8,0
2,31,62,9,0
2,31,62,10,0
2,31,62,11,0
2,31,62,12,0
2,31,62,13,0
2,31,62,14,0
2,31,62,15,0
2,31,62,16,0
2,31,62,17,0
2,31,62,18,0
2,31,62,19,0
2,31,62,20,0
2,31,62,21,0
2,31,62,22,0
2,31,62,23,0
2,31,62,24,0
2,31,62,25,0
2,31,62,26,0
2,31,62,27,0
2,31,62,28,0
2,31,62,29,0
2,31,62,30,0
2,31,62,31,0
2,31,62,32,0
2,31,62,33,0
2,31,62,34,0
2,31,62,35,0
2,31,62,36,0
2,31,62,37,0
2,31,62,38,0
2,31,62,39,0
2,31,62,40,0
2,31,62,41,0
2,31,62,42,0
2,31,62,43,0
2,31,62,44,0
2,31,62,45,0
2,31,62,46,0
2,31,62,47,0
2,31,62,48,0
2,31,62,49,0
2,31,62,50,0
2,31,62,51,0
2,31,62,52,0
2,31,62,53,0
2,31,62,54,0
2,31,62,55,0
2,31,62,56,0
2,31,62,57,0
2,31,62,58,0
2,31,62,59,0
2,31,62,60,0
2,31,62,61,0
2,31,62,62,0
2,31,62,63,0
2,31,62,64,0
2,31,62,65,0
2,31,62,66,0
2,31,62,67,0
2,31,62,68,0
2,31,62,69,0
2,31,62,70,0
2,31,62,71,0
2,31,62,72,0
2,31,62,73,0
2,31,62,74,0
2,31,62,75,0
2,31,62,76,0
2,31,62,77,0
2,31,62,78,0
2,31,62,79,0
2,31,62,80,0
2,31,62,81,0
2,31,62,82,0
2,31,62,83,0
2,31,62,84,0
2,31,62,85,0
2,31,62,86,0
2,31,62,87,0
2,31,62,88,0
2,31,62,89,0
2,31,62,90,0
2,31,62,91,1
.DONE.
